date,J-JM,OI-Y,L-MA,P-Y
2017-02-21,0.0,0.0,0.0,0.0
2017-02-22,0.0,0.0,0.0,0.0
2017-02-23,0.0,0.0,0.0,0.0
2017-02-24,0.0,0.0,0.0,0.0
2017-02-27,0.0,0.0,0.0,0.0
2017-02-28,0.0,0.0,0.0,0.0
2017-03-01,0.0,0.0,0.0,0.0
2017-03-02,0.0,0.0,0.0,0.0
2017-03-03,0.0,0.0,0.0,0.0
2017-03-06,0.0,0.0,0.0,0.0
2017-03-07,0.0,0.0,0.0,0.0
2017-03-08,0.0,0.0,0.0,0.0
2017-03-09,0.0,0.0,0.0,0.0
2017-03-10,0.0,0.0,0.0,0.0
2017-03-13,0.0,0.0,0.0,0.0
2017-03-14,0.0,0.0,0.0,0.0
2017-03-15,0.0,0.0,0.0,0.0
2017-03-16,0.0,0.0,0.0,0.0
2017-03-17,0.0,0.0,0.0,0.0
2017-03-20,0.0,0.0,0.0,0.0
2017-03-21,0.0,0.0,0.0,0.0
2017-03-22,0.0,0.0,0.0,0.0
2017-03-23,-0.00114928,0.0,0.0,-0.00064715
2017-03-24,0.00132152,0.0,0.0,0.00120078
2017-03-27,0.00267954,0.0,0.0,0.00371794
2017-03-28,0.00104203,0.0,0.00783279,0.00099575
2017-03-29,-0.0013348,0.0,-0.00481727,0.00093507
2017-03-30,-0.0002804,0.0,0.00640094,0.00043728
2017-03-31,-0.00137497,0.0,0.00374976,0.00415237
2017-04-05,-0.00645921,-0.00095542,-0.0103239,0.00300742
2017-04-06,-0.00037207,0.0012612,-0.0017253,0.00134139
2017-04-07,-0.00068909,7.998e-05,0.00247255,0.00195029
2017-04-10,0.00028187,-0.00241907,0.00612376,0.00033182
2017-04-11,0.0003472,-6.012e-05,-0.00587354,-0.00202067
2017-04-12,-0.00082495,0.00336706,0.00347221,0.00055807
2017-04-13,0.00092128,-0.00117851,0.00190634,0.0
2017-04-14,0.00127251,-0.00187984,0.00325542,0.0
2017-04-17,0.0006681,-0.00138248,0.00189653,0.0
2017-04-18,-0.00026104,-0.00070223,-0.00199646,0.0
2017-04-19,-0.00029422,0.00028109,0.00391201,0.0
2017-04-20,5.098e-05,-0.00132476,-0.00271593,0.0
2017-04-21,8.054e-05,-0.00034168,0.00301934,0.0
2017-04-24,0.0,-0.00154814,0.00349228,0.0
2017-04-25,0.0,-0.00020137,0.00160772,0.0
2017-04-26,0.0,0.00195367,-0.00069491,0.0
2017-04-27,0.0,-0.0024725,-0.00012243,0.0
2017-04-28,0.0,0.00046348,-0.00971218,0.0
2017-05-02,0.0,-0.0030616,0.00025223,0.0
2017-05-03,0.0,-0.00042428,0.00038073,0.0
2017-05-04,0.0,-0.0011319,-0.00445331,0.0
2017-05-05,0.0,0.00230684,-0.00140006,-0.00078388
2017-05-08,0.0,-0.00159492,-5.469e-05,-0.00455054
2017-05-09,0.0,0.00196145,-0.00016407,0.00010884
2017-05-10,0.0,0.00197779,0.00286432,0.00023745
2017-05-11,0.0,-6.043e-05,-0.00592055,-0.00458954
2017-05-12,0.0,0.00038272,-0.00397054,0.00011924
2017-05-15,0.0,-0.00078527,-0.00843347,0.00127177
2017-05-16,0.0,-0.00161208,-0.00179801,-0.00039548
2017-05-17,0.0,0.00096881,0.00392126,-0.0007521
2017-05-18,0.0,0.00064525,-0.00744901,-0.00109279
2017-05-19,-0.00130944,0.00026196,0.00334116,-0.00139234
2017-05-22,0.0008247,-0.00122889,0.00252536,-0.00079673
2017-05-23,0.00032157,0.00169433,-0.00062092,0.00089704
2017-05-24,0.00045206,0.0019331,0.00181844,-0.00019916
2017-05-25,0.00018576,0.00124605,0.0058135,0.00079681
2017-05-26,-0.00131014,0.00134486,-0.00091235,-0.00169188
2017-05-31,0.00083939,0.00322734,-0.00507771,-0.00079753
2017-06-01,-0.00011049,-0.00057945,-0.00800845,0.00029931
2017-06-02,0.00135109,-0.00013291,0.01024898,-0.00039896
2017-06-05,0.00033606,0.0013556,0.00424721,0.00099781
2017-06-06,0.00023065,3.526e-05,0.00416912,0.00044373
2017-06-07,0.0,0.0,0.00293421,-0.00254572
2017-06-08,-0.00035091,0.0,-0.00070653,-0.0006538
2017-06-09,-0.00085752,0.0,-0.00142402,0.0
2017-06-12,-0.00087332,0.0,-0.00971307,0.0
2017-06-13,7.535e-05,0.0,0.00689806,0.0
2017-06-14,-0.00220011,0.0,0.00416049,0.0
2017-06-15,-0.00075009,0.0,0.00050297,0.0
2017-06-16,-0.00170282,0.0,0.00279728,0.0
2017-06-19,-0.0005097,0.0,-0.00018365,0.0
2017-06-20,0.00117139,0.0,0.00183682,0.0
2017-06-21,5.043e-05,0.0,0.00171949,0.0
2017-06-22,-0.00062532,0.0,0.00237446,0.0
2017-06-23,-0.00016147,0.0,-0.00155455,0.0
2017-06-26,-0.00107499,0.0,-0.00486861,0.0
2017-06-27,-0.00063659,0.0,-0.00357122,0.0
2017-06-28,0.00106672,0.0,0.00113652,0.0
2017-06-29,0.00034853,-0.00270739,-0.00188707,0.0
2017-06-30,-0.00096047,-0.0011012,-0.00173101,0.0
2017-07-03,0.00013896,-0.00072158,0.00357295,0.0
2017-07-04,-0.00199324,-0.00050146,0.00732462,0.0
2017-07-05,0.00107834,0.00028096,0.00252594,-0.00192639
2017-07-06,-0.00047032,-0.00110345,-0.0006262,-0.00195292
2017-07-07,-0.00037188,0.00224951,-0.0018699,-9.031e-05
2017-07-10,-0.00160195,-0.000501,0.00505671,-0.00035124
2017-07-11,-0.00024841,0.00529317,-0.00336893,0.00107417
2017-07-12,0.00011409,0.00091744,-0.00437714,0.01050957
2017-07-13,0.0028723,-0.00049815,-0.00457482,-9.924e-05
2017-07-14,0.00033873,0.00091706,0.00027884,0.00037715
2017-07-17,0.00117506,0.00069712,0.0004281,-0.00034724
2017-07-18,0.00202176,0.00109471,-0.00045279,0.00133982
2017-07-19,-0.00118139,0.00019882,-0.00064714,0.00014867
2017-07-20,0.00016897,0.00025842,-0.01941674,-0.00129819
2017-07-21,0.00040596,0.00065581,-0.00387592,-0.00125026
2017-07-24,0.00055149,-0.00137034,-0.00192765,0.00082462
2017-07-25,-0.00025645,0.0,0.00224816,-0.00297809
2017-07-26,0.0006705,0.00039774,-0.00433839,-0.00144371
2017-07-27,0.0,-0.00063614,0.00035841,-0.00285171
2017-07-28,0.0,-0.00143222,0.0058503,0.00078996
2017-07-31,0.0,-0.00892438,0.00114494,0.00455619
2017-08-01,0.0,0.0005628,-0.00935232,0.00183012
2017-08-02,0.0,0.00208921,0.00201639,-0.00072476
2017-08-03,0.0,0.00262612,0.00525358,0.00062593
2017-08-04,0.0,-0.00105969,-0.00501728,-0.00113192
2017-08-07,0.0,0.00084065,0.01710381,0.00110338
2017-08-08,0.00075711,-0.00097993,-0.00415749,0.00057591
2017-08-09,0.00028684,-0.0006606,-6.065e-05,-0.00152825
2017-08-10,-0.00084518,0.00114179,-0.00075819,0.00164986
2017-08-11,-0.00073513,0.00578248,0.00867522,6.946e-05
2017-08-14,0.00113877,0.00026588,-0.00171511,-0.00306585
2017-08-15,0.00160304,0.00024972,0.00391837,0.00307528
2017-08-16,0.00164318,0.00018038,-0.0002502,0.00131961
2017-08-17,-4.97e-05,0.0,-0.00190698,-0.00099088
2017-08-18,0.00090594,0.0,-0.00352036,-0.00182502
2017-08-21,-0.00303256,0.0,-0.00061396,-0.00103342
2017-08-22,-0.00120666,-0.00231249,-0.01003588,-0.00235744
2017-08-23,-0.00200094,-0.00266009,0.00457286,0.0017249
2017-08-24,-0.00049178,-0.00023975,-0.00034938,-0.00193095
2017-08-25,9.017e-05,0.00034972,0.00087628,0.00034904
2017-08-28,-0.00357764,-0.0006892,0.00034413,-0.00052829
2017-08-29,-0.00137236,0.00111947,0.00191232,0.00028611
2017-08-30,-0.00063895,-0.00011981,0.001636,0.00028663
2017-08-31,0.00417611,-0.00027959,-0.00434547,0.0
2017-09-01,0.00222086,0.00048942,-0.00678462,0.0
2017-09-04,-0.00111175,-0.00028671,0.00098896,0.0
2017-09-05,0.00138556,-0.00076593,-0.00272459,0.0
2017-09-06,-0.00437774,-0.00036709,0.00730756,0.0
2017-09-07,-0.00145301,0.0,0.00280347,0.0
2017-09-08,-1.34e-06,0.0,0.00343767,0.0
2017-09-11,-0.00232365,0.0,0.00148623,0.0
2017-09-12,-4.43e-06,0.0,-0.00026662,0.0
2017-09-13,0.0,0.0,0.00693904,0.0
2017-09-14,0.0,0.0,0.00526711,0.0
2017-09-15,0.0,0.0,-0.00356426,-0.00146269
2017-09-18,0.0,0.0,-0.00284365,0.00135773
2017-09-19,0.0,0.0,0.00379234,0.00211359
2017-09-20,0.0,0.0,-0.00010965,-0.00151221
2017-09-21,-0.00026377,0.0,4.486e-05,0.00017935
2017-09-22,0.00218327,0.0,-0.00040375,0.00073719
2017-09-25,-0.00135175,0.0,-0.00283234,0.00167238
2017-09-26,-2.793e-05,0.0,-0.00298041,0.00033789
2017-09-27,0.00137647,0.0,0.00067711,0.00065033
2017-09-28,0.00226476,0.0,0.00643071,-0.00423912
2017-09-29,-0.00291754,0.0,0.00285366,0.00100702
2017-10-09,0.00029185,0.0,0.00152458,0.00212158
2017-10-10,0.00309267,0.0,-0.00275692,-0.00025842
2017-10-11,0.00125197,0.00098742,-0.00228721,-0.00081524
2017-10-12,0.00222799,0.00138826,-0.00949374,0.00209946
2017-10-13,0.00048748,0.00161573,-0.0036578,-1.986e-05
2017-10-16,-0.00237212,0.0,-0.00267136,9.929e-05
2017-10-17,0.00034455,0.00088622,-0.00124052,0.00100277
2017-10-18,0.0,0.00030841,0.0011356,-0.00199362
2017-10-19,0.0,-0.00030123,0.00318519,-0.00014907
2017-10-20,0.0,0.0,-0.00283687,0.0028229
2017-10-23,0.0,0.0,0.00498624,0.00231936
2017-10-24,0.0,0.0,0.00186875,0.00140422
2017-10-25,0.0,0.0,-0.00379589,-0.00088875
2017-10-26,0.0,0.0,0.00639432,-0.00104768
2017-10-27,0.0,0.0,0.00112832,0.00095973
2017-10-30,-0.00211496,0.000419,-0.00069627,0.00114662
2017-10-31,0.00245381,0.00133257,0.00519806,-5.924e-05
2017-11-01,-0.00065611,-0.00053629,0.0037051,-0.00275482
2017-11-02,-0.00315645,-0.00021861,-0.00321943,0.00106933
2017-11-03,5.066e-05,0.00095412,-0.00094702,-0.00162206
2017-11-06,-0.0005826,-0.00059576,-0.0033227,-0.00064393
2017-11-07,0.00017742,-0.00025832,-0.00041046,-5.948e-05
2017-11-08,0.00179918,5.963e-05,0.00226349,-0.00167541
2017-11-09,-0.00366778,-0.00041736,-0.0022284,0.00405156
2017-11-10,-0.00134557,0.00012029,0.00321486,-0.00294729
2017-11-13,-0.00177957,0.00074194,0.00487173,0.00162679
2017-11-14,0.00013131,-0.00160911,0.00088915,-0.00085093
2017-11-15,0.00037344,-0.0016316,0.00314649,-0.00067464
2017-11-16,0.00065164,0.00186347,0.00469008,0.00028764
2017-11-17,0.00077078,-0.00144225,0.00232425,-0.00094198
2017-11-20,0.0016573,-0.00235077,-0.00384184,-0.00021835
2017-11-21,-0.00033751,-0.00840683,0.00216998,0.00184645
2017-11-22,-0.00016247,-0.0006572,-0.0007923,-0.00459771
2017-11-23,0.0002137,-0.00095826,0.0029156,-0.00053755
2017-11-24,0.0,0.00079674,-0.00278436,0.00098604
2017-11-27,0.0,-0.00063487,0.00427438,0.00039784
2017-11-28,0.0,-0.00016134,0.00189763,0.00098524
2017-11-29,0.0,-0.00043367,0.00666583,4.031e-05
2017-11-30,0.0,0.0015639,0.00450197,0.0
2017-12-01,0.0,-0.00950978,0.00164558,0.0
2017-12-04,0.0,-0.00025427,0.00017878,0.0
2017-12-05,0.0,-0.00222794,0.00988451,0.0
2017-12-06,0.0,0.00111136,0.00299948,0.0
2017-12-07,0.0,0.00083514,-0.0008776,0.0
2017-12-08,0.0,0.00138395,-0.00297881,0.0
2017-12-11,0.0,0.00039632,-0.02027717,0.0
2017-12-12,0.0,-0.00038601,0.00110937,0.0
2017-12-13,0.0,0.00031502,0.00445209,0.0
2017-12-14,0.0,-0.00076191,-0.00127819,0.0
2017-12-15,0.0,0.00119965,0.00161073,0.0
2017-12-18,0.0,0.00107636,-0.00040811,0.0
2017-12-19,0.0,-0.0010752,-0.00957503,0.00093556
2017-12-20,0.0,0.00028432,0.00103056,0.00121106
2017-12-21,0.0,-0.00105575,-0.0037454,0.00013881
2017-12-22,0.0,-0.00126011,0.00237182,0.00142752
2017-12-25,0.0,0.00131257,-0.00025528,9.9e-06
2017-12-26,0.0,-0.00070115,-0.01009086,-9.9e-06
2017-12-27,0.0,-0.0013016,-0.00072423,-0.00019534
2017-12-28,0.0,-0.0015884,-0.00260116,0.00030506
2017-12-29,0.0,0.0005813,-0.00080627,-0.00076389
2018-01-02,-0.00106887,0.00097846,-0.00179316,0.0
2018-01-03,0.0008284,0.00024567,-0.0021856,0.0
2018-01-04,-0.00289446,0.00106388,0.00129023,0.0
2018-01-05,0.0010542,-0.00036087,-1.498e-05,0.0
2018-01-08,0.00040699,0.0,0.00652284,-0.00012875
2018-01-09,0.00052379,0.0,0.00047637,-0.00136716
2018-01-10,0.00071157,0.0,-0.00471676,0.00194442
2018-01-11,0.00099041,0.0,-0.00340857,-0.00037625
2018-01-12,-0.00097928,0.0,-0.00520535,0.00136689
2018-01-15,0.00024379,0.0,0.00047752,0.00027696
2018-01-16,-0.00177213,0.0,0.00266277,0.00100865
2018-01-17,0.0004222,0.0,0.00241519,0.00148182
2018-01-18,-0.00086947,0.0,-0.00050487,-0.00112452
2018-01-19,-0.00034097,0.0,-0.0037009,0.00152079
2018-01-22,-0.00146105,0.0,-0.00014557,0.00063106
2018-01-23,0.00097376,-1.411e-05,-0.00120492,3.942e-05
2018-01-24,-0.00010696,-0.00081383,0.00146273,-0.00059122
2018-01-25,-0.00137533,0.00029525,-0.00054208,0.00011831
2018-01-26,4.591e-05,-0.0004173,-0.00454487,0.00061122
2018-01-29,-0.00045395,0.00131353,0.00398546,8.938e-05
2018-01-30,0.00154108,6.652e-05,0.00337671,-0.0006822
2018-01-31,0.00018852,0.0,-0.00021534,-0.00017921
2018-02-01,0.00010698,0.0,0.00273493,0.0
2018-02-02,0.00028015,0.0,0.00316706,0.0
2018-02-05,-0.00170586,0.0,-0.00028384,0.0
2018-02-06,-0.00040807,0.00085428,0.00633086,0.0
2018-02-07,-0.00128593,-0.00016217,-0.00019304,0.0
2018-02-08,0.00018905,0.0,0.00047526,0.0
2018-02-09,0.00162961,0.0,0.00062843,0.0
2018-02-12,0.00023461,0.0,-0.0004055,0.0
2018-02-13,-2.04e-05,0.0,0.00056893,0.0
2018-02-14,-0.00097903,0.0,-0.00551791,0.00012143
2018-02-22,-0.00148529,0.0,0.00159097,-0.00124913
2018-02-23,-0.00107346,-0.00013287,-0.00043682,0.0
2018-02-26,-0.00210828,-0.00113822,-0.00416156,0.0
2018-02-27,0.00129738,0.00026453,0.00187006,0.0
2018-02-28,2.06e-05,-0.00050858,0.00016924,0.0
2018-03-01,-0.00188867,-0.00062332,-0.01097356,0.0
2018-03-02,0.00020011,0.0,0.00396513,0.0
2018-03-05,0.00153384,0.0,0.00434542,0.0
2018-03-06,-0.00054806,0.0,-0.00059884,0.0
2018-03-07,-0.00060986,0.00092424,0.00392475,0.0
2018-03-08,-0.00012307,-0.00151588,0.00533191,0.0
2018-03-09,0.00173347,0.00145704,0.0041212,0.00082362
2018-03-12,-0.00148985,-0.00145492,0.00898706,-0.00042411
2018-03-13,-0.00062041,-0.00381073,-0.00071295,-0.0006315
2018-03-14,0.00227797,0.00099212,-0.00483296,0.00026658
2018-03-15,0.00037702,-0.0001124,-0.00085442,-0.00099694
2018-03-16,0.0,-0.00040876,0.00101733,0.00049403
2018-03-19,-0.00232472,-0.00330212,0.00267085,-0.0003259
2018-03-20,-0.00048725,0.0005026,0.00130249,-0.00198566
2018-03-21,0.00059524,0.00151729,0.00112475,0.00040055
2018-03-22,0.00186159,-0.01008291,0.00364888,0.0
2018-03-23,-0.00156636,0.00068249,-0.00299804,0.0
2018-03-26,-0.00219429,0.00771925,0.00329995,0.0
2018-03-27,-0.00035453,-0.00010255,-0.00675335,0.0
2018-03-28,-0.00146489,0.00047176,0.00188107,0.0
2018-03-29,-0.00170382,0.0007688,-0.00324657,0.0007098
2018-03-30,-0.00058782,0.00044044,0.0018395,0.00033618
2018-04-02,0.00138785,-0.00180195,-0.00634075,-0.00086982
2018-04-03,0.00075222,-6.154e-05,-0.00069972,0.0004155
2018-04-04,-0.0004479,0.001036,0.00445765,0.00037577
2018-04-09,0.00026268,-0.00074802,0.00281785,-0.00063264
2018-04-10,0.00057671,-0.00134334,-0.00245257,0.00061326
2018-04-11,-0.00488896,-0.00087281,-0.00058889,-0.00029656
2018-04-12,0.0123083,0.00138743,-0.00669762,0.00197763
2018-04-13,0.00066924,-0.00021552,0.00225913,-0.00067107
2018-04-16,0.0021391,0.0016835,0.00509007,0.00061227
2018-04-17,-0.00015793,0.00032794,0.0010158,0.00223045
2018-04-18,0.00119736,-0.00023563,0.00178443,-0.00112259
2018-04-19,0.00014278,-0.00253102,-0.00449717,-0.0003549
2018-04-20,0.00047563,-0.00128413,0.00226612,0.0
2018-04-23,0.00130708,9.258e-05,6.376e-05,0.00011834
2018-04-24,3.556e-05,0.00136795,0.0016184,-5.916e-05
2018-04-25,0.00081774,-0.00108875,-0.00561606,-0.00037473
2018-04-26,-0.00099977,0.00087401,-0.00076814,-0.0005919
2018-04-27,-0.00030988,0.00146911,0.00076873,-0.00045406
2018-05-02,0.00139744,-0.00026672,-0.00480086,0.00100728
2018-05-03,0.00013701,-0.00153917,-0.00379984,0.00088788
2018-05-04,-0.00079659,0.00069883,0.002081,0.00112365
2018-05-07,-0.00062458,-0.00051349,-0.00139767,-0.00029537
2018-05-08,-7.113e-05,-0.00096586,0.00115643,-0.00100454
2018-05-09,-0.00046749,-0.0028078,0.00191854,-0.00122243
2018-05-10,-0.00020335,0.00034036,0.00133101,-0.0019346
2018-05-11,0.0020441,-0.00063925,0.00076098,-0.0008505
2018-05-14,0.00088803,-0.00149597,0.00218738,0.00023466
2018-05-15,0.0002028,-0.00029964,0.00301525,-0.00058237
2018-05-16,0.00071472,0.00303866,0.00193535,-0.00066192
2018-05-17,0.00114476,-0.00124682,0.00408875,0.0
2018-05-18,0.00030357,-0.00200153,-0.00148431,0.0
2018-05-21,-0.00155785,-0.00476574,-0.00156965,0.0
2018-05-22,-0.00117021,-0.00261761,0.0001959,0.0
2018-05-23,8.622e-05,0.00016663,0.00113111,0.0
2018-05-24,0.00061871,-0.00321758,0.00333081,0.0
2018-05-25,0.00027542,0.00266385,-0.00381211,0.0
2018-05-28,0.00113958,1.042e-05,0.00311225,0.0
2018-05-29,-0.0012349,-0.00064992,-0.00250744,0.0
2018-05-30,0.00022672,-0.00262035,-0.00044504,0.0
2018-05-31,0.0,0.00114981,0.00544562,0.0
2018-06-01,0.0,0.00120069,-0.00359615,0.0
2018-06-04,0.0,0.00234636,-0.00158235,0.0
2018-06-05,0.0,0.00291308,-0.00200553,0.0
2018-06-06,0.0,-0.00036308,0.00336234,0.0
2018-06-07,0.0,0.00093397,0.00352205,0.0
2018-06-08,0.0,-0.00046655,-0.00212236,0.0
2018-06-11,0.0,0.00051863,-0.00118539,0.00092645
2018-06-12,0.0,-0.00160691,0.00248104,0.00066322
2018-06-13,0.0,-0.00129798,0.0016613,0.00110793
2018-06-14,0.0,-5.199e-05,0.00160991,0.00031219
2018-06-15,0.0,-0.00016806,0.00181127,0.0
2018-06-19,0.0,-0.00412415,0.00321853,0.0
2018-06-20,0.0,-0.00102563,-0.00158477,0.00077712
2018-06-21,0.0,0.0,4.84e-06,0.00199385
2018-06-22,0.00088255,0.0,0.00337781,0.00097524
2018-06-25,0.00225246,0.0,-0.00111411,-0.00037397
2018-06-26,0.001505,0.0,-0.00549468,0.00180163
2018-06-27,-0.00016137,0.0,-0.00150021,-0.00184753
2018-06-28,-0.00102384,0.0,0.00509573,0.00189033
2018-06-29,-0.00172666,0.0,-0.0040443,0.00110061
2018-07-02,0.00224551,0.0,0.00119005,-0.00061841
2018-07-03,-0.00063581,0.0,-0.00070833,-0.00039289
2018-07-04,-0.00119669,0.0,0.00233525,-0.00169007
2018-07-05,0.00138517,0.0,0.00622897,-0.00015748
2018-07-06,0.0001464,0.0,0.00227688,-0.00119115
2018-07-09,-0.00061077,0.0,-0.00314581,-0.00187263
2018-07-10,-0.00080812,0.0,-0.00124302,0.00044435
2018-07-11,0.00032351,0.0,-0.00026532,-0.00067116
2018-07-12,-0.00174335,0.0,-0.00198315,-0.00104693
2018-07-13,0.00053657,0.0,-0.00473809,9.89e-06
2018-07-16,0.00184158,0.0,-0.00075296,0.00303529
2018-07-17,0.0001414,0.0,-0.00040836,-0.00158698
2018-07-18,1.515e-05,0.0,0.00106509,0.00013822
2018-07-19,0.00041403,0.0,0.00400807,-0.00031588
2018-07-20,-0.00126682,0.0,-0.00172264,-6.912e-05
2018-07-23,-0.00219322,0.0,-0.00096945,0.00485855
2018-07-24,-0.00021778,0.0,0.0003833,0.00076653
2018-07-25,0.00017223,0.0,-0.0032156,-0.00039279
2018-07-26,0.00018233,0.0,-0.00026275,-0.00176826
2018-07-27,-0.00431447,0.0,0.00147957,0.00117109
2018-07-30,-0.00252259,0.0,0.00226467,-0.01201175
2018-07-31,0.00046398,0.00225912,-0.00051398,-0.00082577
2018-08-01,-0.00275714,-0.0005945,0.00184835,0.00162304
2018-08-02,-0.00198286,0.00067834,0.00148661,0.00144147
2018-08-03,-0.00326695,-0.00196065,0.00484001,-0.00057576
2018-08-06,-0.00149498,0.00138978,0.00465791,-0.00121178
2018-08-07,0.00124511,-0.00289049,-0.00069928,-0.00096463
2018-08-08,0.00063206,-0.0009942,-0.00574193,0.00024886
2018-08-09,0.0037386,0.00054473,0.00786724,-0.00042793
2018-08-10,-0.00124838,-0.00084807,-0.00262107,0.00208081
2018-08-13,-0.00159829,0.00133081,-6.234e-05,0.00056631
2018-08-14,0.00015906,0.00051278,0.0052035,-0.00279025
2018-08-15,0.00035398,-0.0009309,-0.00138837,-0.00048792
2018-08-16,-0.00434878,9.422e-05,-0.00017677,0.00103609
2018-08-17,-0.00443989,-0.00339173,0.0007789,5.971e-05
2018-08-20,0.00367847,-0.00411754,0.0066083,0.00142306
2018-08-21,0.00229899,0.00059065,0.0001091,-0.0002385
2018-08-22,0.00110057,-0.00310963,0.00142288,0.00084487
2018-08-23,0.00272272,0.00296072,-0.00343847,-0.00054622
2018-08-24,-0.00241818,0.00065365,0.00172992,-0.00047696
2018-08-27,-0.00062655,0.00139074,-0.0015846,0.00016901
2018-08-28,-0.00284181,0.00083118,0.00158236,0.00068585
2018-08-29,-0.00163367,0.00113535,0.00123353,0.00042712
2018-08-30,0.00743841,-0.00144909,0.00074394,0.00081416
2018-08-31,0.00073271,0.0,0.00341391,0.00044643
2018-09-03,0.00144387,-0.00012619,-0.00047189,-0.00165601
2018-09-04,-0.0006442,0.0006731,0.00091589,-5.96e-05
2018-09-05,0.00100274,-0.00095642,0.0039102,0.00028807
2018-09-06,0.00143105,-0.00067329,-0.00110412,-0.00048659
2018-09-07,0.00246504,0.00058953,0.0061617,-0.00217582
2018-09-10,0.00032074,-0.00044188,0.00044878,-0.00101561
2018-09-11,0.00013308,0.00063154,0.00022429,-0.00027629
2018-09-12,-0.00015507,-0.00043153,-0.00647957,0.00180927
2018-09-13,-0.00028197,-0.00224034,-0.00421309,-0.00173161
2018-09-14,0.0,8.582e-05,-0.00028332,0.00097697
2018-09-17,0.0,0.0,-0.00030702,0.00078679
2018-09-18,0.0,0.0,-0.00427594,0.00280632
2018-09-19,0.0,0.0,0.00448885,0.00065496
2018-09-20,0.0,0.0,-0.00141244,0.00140823
2018-09-21,0.0,0.0,0.00260181,0.00102993
2018-09-25,0.0,0.00038065,-0.0023733,0.00095962
2018-09-26,0.00156762,-0.00026287,-0.00178302,-0.00026686
2018-09-27,0.00110301,0.0,-0.00126503,-7.909e-05
2018-09-28,-0.00038588,0.0,-0.00311678,0.00126553
2018-10-08,-0.00170158,0.0,-0.00238415,-0.00159966
2018-10-09,-0.00364811,0.0,0.00261882,6.923e-05
2018-10-10,-0.00179754,0.0,0.00947734,0.00055382
2018-10-11,0.00027114,0.0,0.00163542,0.00042015
2018-10-12,-0.00358523,0.0,0.00682745,0.00297554
2018-10-15,0.00197615,0.0,3.739e-05,0.00054179
2018-10-16,0.0019825,0.0,-0.00225718,4.923e-05
2018-10-17,-0.00231601,0.0,0.00229508,0.00088603
2018-10-18,0.00507322,0.0,-0.00156082,-0.00172132
2018-10-19,0.00175392,0.00125229,-0.00301886,0.00073898
2018-10-22,-0.00011197,-0.00147447,-0.00268999,0.00162456
2018-10-23,-0.00014253,0.00121296,0.00038599,0.00039319
2018-10-24,-0.0027033,0.00021069,0.00139281,-0.00047962
2018-10-25,-0.00048495,0.00105325,-0.00259848,0.0
2018-10-26,0.00081205,-0.00021043,-0.00020729,0.0
2018-10-29,0.00272506,-0.00036833,-0.00652155,0.0
2018-10-30,-0.0014199,-0.00115802,-0.00134702,0.0
2018-10-31,0.00083582,0.00047429,0.00221323,0.0
2018-11-01,0.0018943,-0.00042139,-0.00338834,0.00057003
2018-11-02,-0.001662,-0.00300365,-0.00495001,-0.00096286
2018-11-05,-0.00154768,0.00142707,0.00260917,0.00118015
2018-11-06,-0.00055578,0.00047501,-0.00562897,0.00121805
2018-11-07,0.00038773,-0.00105508,-0.0043331,0.00054942
2018-11-08,0.00113215,-0.00095057,0.00196897,0.00050989
2018-11-09,0.0006011,0.00111006,0.00364673,0.00225414
2018-11-12,0.00296294,0.00089762,0.00145052,0.00172103
2018-11-13,-0.00071063,-0.0006858,-0.00502406,-3.905e-05
2018-11-14,-0.00174228,0.00026395,-0.00973371,0.00234292
2018-11-15,-0.00090574,-0.00026388,0.00052398,0.00019479
2018-11-16,-0.00133437,0.00285067,0.00449995,4.127e-05
2018-11-19,0.00232042,0.00015792,0.01415865,0.00050361
2018-11-20,0.00269156,-0.00289475,0.00135659,0.00140143
2018-11-21,0.0009489,0.00084455,-0.01230686,0.00287668
2018-11-22,0.00072495,-0.00311166,0.00624695,-0.00180246
2018-11-23,0.00323709,-0.00275104,0.00353932,-0.00229112
2018-11-26,0.00236823,0.00159152,-0.00266896,0.00175148
2018-11-27,0.0020503,0.00037076,0.00046832,0.00169014
2018-11-28,-0.00145289,-0.00047652,-0.0017291,-0.00139637
2018-11-29,9.062e-05,0.0003708,-0.00189478,-0.00205865
2018-11-30,-0.00070981,0.0001059,-0.00963089,0.00114821
2018-12-03,-0.00360701,-0.00074125,-0.00335446,-0.00136073
2018-12-04,-0.00309425,0.00699415,0.01079663,-0.00887623
2018-12-05,-0.00099912,-0.01062882,-0.00086488,-0.00021604
2018-12-06,0.02087042,-0.00335054,-0.00189477,-0.00092327
2018-12-07,-0.00553488,-0.00458913,0.00152737,-0.00102243
2018-12-10,0.00046042,0.00123298,-0.00198207,-0.00163363
2018-12-11,0.00053555,-0.00315898,4.338e-05,-0.00153773
2018-12-12,-6.494e-05,-0.00209476,-0.00080015,0.00071081
2018-12-13,-0.00834826,-0.00037677,-0.00014472,-0.00110493
2018-12-14,0.00048365,0.00366144,0.00110004,-0.00086912
2018-12-17,-0.00102726,-0.00198499,-0.00199043,0.00071171
2018-12-18,0.00143158,0.00295652,-0.00536509,-0.0003556
2018-12-19,-0.00026678,0.00042877,-0.00241299,-0.00130434
2018-12-20,-0.00058908,0.00562522,0.0042293,-0.00019789
2018-12-21,-0.00012595,0.00138512,-0.0023214,-0.00011876
2018-12-24,-0.00022027,0.00180881,0.0024531,0.00296923
2018-12-25,0.00351103,-0.00047794,-0.00540785,0.00138154
2018-12-26,0.00042336,0.00031878,0.0002095,-0.00057156
2018-12-27,0.0,0.00010623,-0.00115932,-0.0011635
2018-12-28,0.0,-0.00058418,-0.00096559,0.00061204
2019-01-02,0.0,0.00116904,0.00603346,-0.0006141
2019-01-03,0.0,0.00185766,0.00403215,-0.00161658
2019-01-04,0.0,0.00010596,-0.00452339,-0.00085813
2019-01-07,0.0,-0.00031783,-0.00098064,0.0
2019-01-08,0.0,0.00249047,0.00151127,0.0
2019-01-09,0.0,0.00116286,0.00360024,0.0
2019-01-10,0.0,-5.28e-05,0.00194354,0.0
2019-01-11,-0.00099278,0.00142556,-0.00255258,0.00150742
2019-01-14,-0.00123611,0.00289978,0.00120457,-0.0003162
2019-01-15,-0.00046537,-0.00194512,0.00098086,-0.00094542
2019-01-16,-0.00099158,-0.00147485,-0.002959,0.0
2019-01-17,0.0,-0.00163529,-0.0044202,0.0
2019-01-18,-0.00133266,0.00132094,-0.00453222,0.0
2019-01-21,0.00094344,0.00052768,0.00590602,0.0
2019-01-22,0.00060736,-0.00326988,-0.0004225,0.0
2019-01-23,-0.00062715,0.00047622,-0.00220086,0.0
2019-01-24,-0.00013609,0.00095198,0.00120267,0.0
2019-01-25,-0.00081163,0.00021135,0.00075867,0.0
2019-01-28,0.00069625,0.0,-0.00259502,0.0
2019-01-29,0.00014674,5.283e-05,0.00176862,0.0
2019-01-30,-6.154e-05,-0.00142624,-0.00285495,0.0
2019-01-31,-2.616e-05,0.00037029,0.00120963,0.0
2019-02-01,0.0,0.00015864,0.00132022,0.0
2019-02-11,0.0,0.00227346,0.00932181,0.0
2019-02-12,0.0,-0.0023738,0.00140271,0.0
2019-02-13,0.0,0.0,0.00325396,0.0
2019-02-14,0.0,-0.00111041,7.197e-05,0.0
2019-02-15,0.0,0.00037055,-0.00511424,0.0
2019-02-18,0.0,0.00105832,-0.00398801,0.0
2019-02-19,0.0,-0.0018501,-0.00560654,0.0
2019-02-20,0.0,-0.00021183,-0.00095917,0.0
2019-02-21,0.0,0.00030502,0.00476632,0.0
2019-02-22,0.0,0.00171046,0.00059175,0.0
2019-02-25,0.0,-9.874e-05,0.00207475,0.0
2019-02-26,0.0,0.0,0.00021769,-0.00071134
2019-02-27,0.0,0.0,0.00107853,7.099e-05
2019-02-28,0.0,0.0,0.00218373,0.0
2019-03-01,0.0,0.0,0.00219343,0.0
2019-03-04,0.0,0.0,0.00059165,0.00010964
2019-03-05,0.0,0.0,0.0007884,-0.00074173
2019-03-06,0.00028926,0.0,-0.00279566,0.0
2019-03-07,-0.00046872,0.0,-0.00244704,0.0
2019-03-08,0.00070089,0.0,0.00240476,-0.0004331
2019-03-11,0.002207,0.0,-0.00024086,0.00029732
2019-03-12,-0.00181501,-0.00793821,0.00272722,-0.001288
2019-03-13,0.00122396,-0.00140688,-0.00065352,0.00262892
2019-03-14,-0.0012124,0.00023481,0.00042795,0.00093997
2019-03-15,0.00108795,0.00673319,5.768e-05,-0.00029655
2019-03-18,0.00094589,0.00163229,0.00383047,0.00014832
2019-03-19,0.00011338,0.00595768,-0.0031312,0.0001483
2019-03-20,-0.0007146,-0.00400788,0.00390949,-0.0015322
2019-03-21,0.00059349,0.00102448,-0.00215285,-0.00049502
2019-03-22,-2.513e-05,0.01005499,-0.00095409,0.0
2019-03-25,-0.00012064,0.00529604,-0.00057588,0.00054479
2019-03-26,5.03e-06,0.00014547,0.00085952,-0.000198
2019-03-27,0.00096022,0.00182852,-0.00348789,0.00059411
2019-03-28,-0.00094423,-0.00482221,0.00015406,-0.000184
2019-03-29,-0.00079933,0.00261557,-0.00289303,0.00693282
2019-04-01,-5.03e-06,-0.00162137,0.00041518,0.00036774
2019-04-02,-0.00036729,1.041e-05,0.00579079,0.0
2019-04-03,-0.00013086,-0.01325216,-0.00142977,0.0
2019-04-04,-7.047e-05,0.00058025,-0.00013934,0.0
2019-04-08,-0.00146998,0.00125472,-0.00125902,0.0
2019-04-09,-0.00109402,-0.00300124,-0.00157816,0.0
2019-04-10,0.00979138,0.00198572,-0.00226979,0.0
2019-04-11,-0.00057979,0.00103306,-0.00170983,0.0
2019-04-12,-9.189e-05,-0.00032645,0.00048867,0.0
2019-04-15,0.00023561,-0.0004635,0.00447809,0.0
2019-04-16,0.00100507,0.00223424,-0.00116508,0.0
2019-04-17,-0.00104902,-0.00086226,0.0008917,0.0
2019-04-18,-0.00129515,0.00406244,0.0017481,0.0
2019-04-19,0.00060585,-0.00166662,0.00196138,0.0
2019-04-22,-0.00040533,-0.00011549,0.00314742,0.0
2019-04-23,0.00013516,0.00021001,-0.00055481,0.0
2019-04-24,-0.00082589,-0.00157476,0.00093317,0.0
2019-04-25,-0.00020038,-0.00029442,-0.00021515,0.0
2019-04-26,-0.0011925,0.00640548,-0.00528897,0.0
2019-04-29,0.00107855,0.00039714,0.00162974,0.0
2019-04-30,0.00015033,-0.00103425,-0.00177588,0.0
2019-05-06,9.019e-05,0.0024262,0.00500054,0.00114922
2019-05-07,0.00206908,-0.0023473,0.00108603,-9.815e-05
2019-05-08,0.00177484,0.00182997,0.00591652,9.816e-05
2019-05-09,0.00119277,0.00300611,0.00670839,0.00032388
2019-05-10,0.00019939,0.00386085,-0.00117039,-0.00052982
2019-05-13,-0.00121603,0.00025916,0.00569345,0.00048021
2019-05-14,-0.00082831,0.00030055,0.00384305,3.587e-05
2019-05-15,0.00013983,-0.00289066,-4.212e-05,-0.0005137
2019-05-16,1.997e-05,-0.00255614,0.00053824,0.0
2019-05-17,-0.0002946,-0.00170846,-0.0017074,0.0
2019-05-20,0.00070924,0.00098092,0.00040766,0.0
2019-05-21,0.00376328,-0.00052125,-0.00276818,-8.987e-05
2019-05-22,0.00238177,0.00582021,0.00017684,0.00091303
2019-05-23,-0.0019247,0.00215699,-0.00556833,-0.00010883
2019-05-24,0.00102385,0.00114861,-0.00261147,0.0
2019-05-27,0.00010273,0.0010646,0.0019365,-0.00014589
2019-05-28,-0.00017946,-0.00272579,-0.00565179,-0.00058867
2019-05-29,0.00192658,-0.00986657,0.00581223,-0.00215972
2019-05-30,0.00153632,0.00406751,-0.00205536,0.00137734
2019-05-31,0.00173684,-0.00175996,-0.00410972,9.825e-05
2019-06-03,-0.00027662,0.00749042,-0.00676529,0.0
2019-06-04,0.00018282,-0.00322033,0.00315439,-0.0010806
2019-06-05,0.00027171,-0.00181794,0.00231898,0.0
2019-06-06,-0.00012841,0.00287237,-0.0031848,0.00014815
2019-06-10,0.00465296,-0.00223113,0.00417878,0.00048804
2019-06-11,-0.00100298,-0.00014561,-0.00023304,-0.00033415
2019-06-12,-0.00061027,0.00386957,-0.00010465,-0.00027528
2019-06-13,-0.00099475,-0.00251796,0.00439591,-0.00076705
2019-06-14,-0.00044904,-0.00023348,0.00041209,0.00033461
2019-06-17,-0.00172225,0.00186168,0.00096588,-0.00236119
2019-06-18,-0.00033934,-0.00023854,-0.00044936,0.0005128
2019-06-19,0.0,0.00342332,-0.00274471,0.002267
2019-06-20,0.0,0.0014577,-0.00142833,-0.00062939
2019-06-21,0.0,0.00037164,-0.00115951,5.904e-05
2019-06-24,0.0,-0.00213612,-0.00156525,-0.00041327
2019-06-25,0.0,1.034e-05,-0.00562276,-0.00092533
2019-06-26,0.0,-0.00077561,-0.00266914,-0.0009853
2019-06-27,0.0,0.00049677,-0.00264265,-0.00011835
2019-06-28,0.0,-0.00075513,-0.00591113,-0.00025952
2019-07-01,0.0,0.00611811,0.00029077,0.00088502
2019-07-02,0.0,7.202e-05,-0.00199605,0.00035169
2019-07-03,0.0,-0.00205769,-0.00011651,0.0
2019-07-04,0.0,-0.00223719,-0.00187405,0.0
2019-07-05,0.0,0.00219055,-0.00188729,0.0
2019-07-08,0.0,0.00109288,-0.00133043,0.0
2019-07-09,0.0,-0.0005429,-0.00304502,0.0
2019-07-10,0.0,0.00197624,0.0029809,0.0
2019-07-11,0.0,-0.00081245,0.00102484,0.0
2019-07-12,0.0,-0.00113218,0.00415368,0.00152114
2019-07-15,0.0,-0.00174141,-0.00478222,-0.00159397
2019-07-16,0.00047972,-0.00114576,-0.00360512,0.00100521
2019-07-17,-0.00208939,-0.00173612,7.834e-05,0.00038753
2019-07-18,0.00080929,-0.00178055,-0.00375495,0.0
2019-07-19,0.00010992,0.00066371,0.00295828,0.0
2019-07-22,0.0,0.00207272,0.00146008,-0.00034244
2019-07-23,0.0,0.00051711,-0.0087526,0.00059068
2019-07-24,0.0,0.00211905,0.00548845,0.00068872
2019-07-25,0.0,0.00384748,0.00099156,-4.816e-05
2019-07-26,0.0,0.00116112,-0.00846404,0.0
2019-07-29,0.0,-2.392e-05,0.00088034,0.0
2019-07-30,0.0,-0.00061585,-0.0006572,0.0
2019-07-31,0.0,-0.00075999,0.00885579,0.0
2019-08-01,0.0,0.00459422,-0.00380824,0.0
2019-08-02,0.0,-0.00895202,0.00742419,0.0
2019-08-05,0.0,-0.00272535,-0.00094743,0.0
2019-08-06,0.0,0.00043476,0.00401331,0.0
2019-08-07,0.0,-0.00054839,0.00481035,0.0
2019-08-08,0.0,-0.0003727,0.0013858,0.0
2019-08-09,0.0,-0.00386299,-0.00636781,0.0
2019-08-12,0.0,0.00150752,-0.00110544,0.0
2019-08-13,0.0,0.00273022,0.00133579,0.0
2019-08-14,0.0,-0.00114916,0.00104189,0.0
2019-08-15,0.0,0.00082918,-0.00108944,0.0
2019-08-16,0.0,-0.00135665,0.01390556,0.0
2019-08-19,0.0,0.00170071,0.00100364,0.0
2019-08-20,0.0,0.00079715,-0.00268169,0.0
2019-08-21,0.00050282,0.00065169,-0.00453602,0.0
2019-08-22,-0.00031279,0.00322533,0.00517037,0.0
2019-08-23,0.0,-0.00029883,0.00498033,0.0
2019-08-26,0.0,0.00162858,-0.00414724,0.0
2019-08-27,0.0,-2.058e-05,0.00012008,0.0
2019-08-28,0.0,0.0038385,0.00777571,0.0
2019-08-29,0.0,-0.00201955,0.00386024,0.0
2019-08-30,0.0,0.0031125,-0.00431064,0.0
2019-09-02,0.0,-0.00054274,0.00649872,0.0
2019-09-03,0.0,-0.00121927,0.00071058,0.0
2019-09-04,0.0,-0.00236971,-0.00223436,0.0
2019-09-05,0.0,0.00033933,-0.0044123,0.0
2019-09-06,0.0,-0.0015419,0.00471778,0.0
2019-09-09,0.0,1.03e-05,-5.217e-05,0.0
2019-09-10,0.0,0.00086479,0.00118108,0.0
2019-09-11,0.0,-0.00138864,-0.00120338,0.0
2019-09-12,0.0,-0.00021631,0.0013329,0.0
2019-09-16,0.0,-0.0014939,-0.00344387,0.0
2019-09-17,0.0,-0.00457096,-0.00398816,0.00156148
2019-09-18,0.0,0.00253956,-0.00342666,-0.00044456
2019-09-19,0.00022655,0.00288467,-0.00162344,0.00075044
2019-09-20,0.00013841,0.00055672,0.00460004,0.00037294
2019-09-23,-0.00194734,0.00177226,0.00834147,-9.81e-06
2019-09-24,0.00230027,-0.00355882,0.00049247,0.00179535
2019-09-25,2.223e-05,-0.00145545,0.00556117,0.00095972
2019-09-26,0.00026186,0.00068227,-0.00131318,-0.00022502
2019-09-27,-0.0001877,-0.00049586,-0.00175321,-0.00182018
2019-09-30,0.00050391,0.00069248,0.00521693,-0.00035293
2019-10-08,0.0003654,-0.00121874,0.00485639,-9.81e-06
2019-10-09,0.00103163,0.00237841,0.0008086,-0.00166724
2019-10-10,-0.00023422,0.00202201,-0.00392766,-0.00027506
2019-10-11,-0.00035264,-0.00111192,-0.00704703,-0.0001817
2019-10-14,0.0020574,-5.154e-05,-0.00883943,0.0006997
2019-10-15,0.00017725,-0.00013675,0.00140539,0.00018946
2019-10-16,0.00049228,0.00147144,-0.0020742,0.0
2019-10-17,0.00032229,0.00013794,-0.00031464,0.0
2019-10-18,0.0005755,0.0,-0.00163091,0.0
2019-10-21,0.0016616,0.0,-0.00277516,0.0
2019-10-22,-0.00013987,0.0,0.00027781,0.0
2019-10-23,-8.77e-05,0.0,-0.00688105,0.0
2019-10-24,-3.203e-05,0.0,9.643e-05,0.0
2019-10-25,-3.7e-05,0.0,-0.00510082,0.0
2019-10-28,0.0,0.0,0.00104672,0.0
2019-10-29,0.0,0.0,0.00339343,0.0
2019-10-30,0.0,-0.00295922,0.00078156,0.00164692
2019-10-31,0.0,-0.00044389,-0.00148478,0.00133325
2019-11-01,0.0,-0.00269548,-0.00065659,-0.00193847
2019-11-04,0.0,0.00050742,-0.00103868,-0.00017657
2019-11-05,0.0,-0.00200794,0.00589033,0.00262934
2019-11-06,0.00037184,0.00529959,-0.0048991,0.00056754
2019-11-07,-0.00051528,0.00073246,-0.00435794,-0.00295347
2019-11-08,-2.455e-05,-0.00017525,-0.0028339,-0.00143207
2019-11-11,-0.00098202,-0.00177342,-0.00473497,0.0043613
2019-11-12,0.00046692,0.00020658,0.00030315,0.0002934
2019-11-13,-0.00029476,-0.00051634,0.00067455,0.00215099
2019-11-14,0.00110567,-0.00049594,0.00134819,0.00044879
2019-11-15,0.00132534,-0.00229487,0.00167321,0.00228193
2019-11-18,-0.00017158,-0.00253845,0.00045291,-0.00087567
2019-11-19,-0.00017161,0.00028046,-0.00463902,0.00268774
2019-11-20,-0.00068654,1.038e-05,-0.00348692,0.00376828
2019-11-21,0.00024536,0.00076844,0.00044659,-0.00278658
2019-11-22,0.00037131,-0.00084049,0.00128522,0.00118372
2019-11-25,0.00339091,0.0017447,0.00550661,0.00536891
2019-11-26,-0.00022483,-0.0020112,-0.00321571,-0.00493539
2019-11-27,0.00026888,-0.00349034,0.00031772,0.01193468
2019-11-28,0.00065198,-0.00108413,-0.00476429,-0.00174228
2019-11-29,0.0,-0.00203495,-0.0036431,0.00220563
2019-12-02,0.0,0.00094112,-0.00455821,0.00162666
2019-12-03,0.0,0.00068951,0.00826215,-0.00059229
2019-12-04,0.0,0.00049067,0.00342213,5.735e-05
2019-12-05,0.0,0.00200347,0.00658115,-0.00061172
2019-12-06,-0.00025635,0.0030721,-0.00554161,0.00105204
2019-12-09,-0.00240609,0.00043604,0.00054747,0.00101272
2019-12-10,0.00035505,0.01100012,0.00146564,-0.00057266
2019-12-11,-0.00013463,-0.00079037,0.00064882,3.82e-05
2019-12-12,0.003513,0.000113,0.00566494,-0.00116503
2019-12-13,-6.08e-05,-0.00047249,0.00692736,-0.00313586
2019-12-16,0.0,0.00459354,0.00031775,-0.00042199
2019-12-17,0.0,0.0003478,0.0048802,-0.00439436
2019-12-18,5.802e-05,-0.00237239,-0.0048996,-0.00179248
2019-12-19,-0.00163448,-0.00637559,0.00139578,0.00033896
2019-12-20,-0.00178377,0.00254803,-0.00015861,-0.00322614
2019-12-23,-0.00031822,-0.00161548,0.00092777,0.00018063
2019-12-24,-0.00044076,-0.00083481,-0.00013447,0.0
2019-12-25,0.00044095,0.00031976,0.00019213,0.0
2019-12-26,-0.00078357,-0.00315537,-0.00182969,0.0
2019-12-27,9.802e-05,-4.138e-05,0.0047871,0.0
2019-12-30,9.801e-05,0.00142757,0.00205415,0.0
2019-12-31,-0.00058802,0.00126026,-0.00049218,0.0
2020-01-02,0.00132383,-0.00024761,0.00167805,0.0
2020-01-03,0.0001469,-0.00060885,0.00337434,0.0
2020-01-06,-0.00080782,0.00038206,0.0032964,0.0
2020-01-07,0.00026949,0.0,0.0001043,0.0
2020-01-08,-0.00012246,0.00161021,0.0032473,0.0
2020-01-09,0.00122478,-0.00299884,-0.00790533,0.0
2020-01-10,0.00014679,-0.00035143,-0.00204804,0.0
2020-01-13,0.00171234,-0.00478738,0.01160235,0.0
2020-01-14,-0.00053725,0.00044676,0.00548695,0.0
2020-01-15,0.00041537,0.00058156,4.692e-05,0.0
2020-01-16,0.0004152,-0.00214845,-0.0006428,0.0
2020-01-17,-0.00107418,-0.00036405,-0.00503302,0.0
2020-01-20,0.0001222,0.00114456,0.00938555,0.0
2020-01-21,0.00087971,0.00184999,-0.00465615,0.0
2020-01-22,-0.00021973,0.00139012,-0.00283212,0.0
2020-01-23,0.00100123,-0.00041438,0.0010315,0.0
2020-02-03,0.00263475,0.01238488,0.00021644,0.0
2020-02-04,-0.00072995,-0.00767785,-0.00890033,0.00405561
2020-02-05,0.0001461,-0.00243466,0.00329877,5.785e-05
2020-02-06,0.00065734,-0.00940044,0.00235595,0.00099005
2020-02-07,2.433e-05,-0.00649346,0.00445541,0.0
2020-02-10,-0.00060823,-0.00064098,-0.00260782,0.0
2020-02-11,-0.00077901,-0.00340674,-0.00040044,0.0
2020-02-12,-0.00073089,0.00457895,-0.00369024,0.0
2020-02-13,-0.00021943,-0.00357084,0.00109272,0.0
2020-02-14,0.00021948,-0.00084321,0.00043945,0.0
2020-02-17,0.00026819,-0.00560152,-8.502e-05,0.0
2020-02-18,0.00075561,-0.00327801,-0.00400558,0.0
2020-02-19,0.00077939,0.00544938,0.0004126,0.0
2020-02-20,-0.0013142,0.00990816,-0.00291547,0.0
2020-02-21,-0.00036554,-0.00072324,0.00089384,0.0
2020-02-24,0.00090199,-0.00129019,-0.00165783,0.0
2020-02-25,-0.00041405,-0.00204807,0.00534336,0.0
2020-02-26,0.00090155,-0.00030521,-0.00319939,0.0
2020-02-27,0.00167975,-0.00206343,0.00014244,0.0
2020-02-28,-0.00031594,0.00458901,-0.00152389,0.0
2020-03-02,-0.0006564,-0.00114464,-0.00263879,0.0
2020-03-03,0.00017029,0.00324861,-0.00260287,0.0
2020-03-04,-9.729e-05,0.00172908,-0.00127137,0.0
2020-03-05,-0.00046218,0.00115073,-0.00011007,0.00305574
2020-03-06,0.00114381,-0.00281082,0.00111997,0.00066254
2020-03-09,-0.00075357,0.00978701,-0.00109004,-0.00042221
2020-03-10,-9.731e-05,-0.00359046,-0.00760507,0.00120956
2020-03-11,-0.00012165,-0.00365547,-0.00143718,0.00034517
2020-03-12,0.00043798,0.00642837,-0.0022603,0.00086263
2020-03-13,-0.00160523,0.00294959,0.00100685,-0.00161843
2020-03-16,0.00087699,0.00079736,0.00065766,-0.00164983
2020-03-17,7.302e-05,0.00103471,0.00124198,0.00562062
2020-03-18,0.00070579,0.00713211,0.00171344,-0.00171976
2020-03-19,0.00010649,0.00296606,-0.00550736,-0.00999177
2020-03-20,-9.533e-05,-0.00056281,0.00447195,-0.00430193
2020-03-23,0.00103359,-0.00328705,0.0006174,-0.00472829
2020-03-24,0.0,-0.00296323,0.00396725,0.00653595
2020-03-25,0.0,0.00079846,-0.00119556,0.00104671
2020-03-26,0.0,0.0,0.00727806,-0.00031949
2020-03-27,0.0,0.0,-2.386e-05,0.00564622
2020-03-30,0.00017353,0.0,0.00833288,-0.00129047
2020-03-31,-0.00721439,0.0,0.00032185,-0.00053036
2020-04-01,-0.00134571,0.0,-0.00807682,-0.00114811
2020-04-02,0.00450807,0.0,-0.00191759,-0.00043466
2020-04-03,-7.317e-05,0.0,-0.00310175,-0.002812
2020-04-07,0.01324496,0.0,-0.00411338,-0.0010175
2020-04-08,0.00086664,0.0,0.00899728,0.00226988
2020-04-09,0.00036617,0.0,0.00550099,-0.00131626
2020-04-10,0.00045489,0.0,-0.01020159,-0.00207875
2020-04-13,-5.287e-05,0.0,0.00479862,-0.002835
2020-04-14,0.00012738,0.0,-0.00224711,0.00023536
2020-04-15,-0.00114628,0.0,0.00087027,0.0
2020-04-16,0.00012992,0.00380635,-0.00727617,0.0
2020-04-17,5.052e-05,-0.00274851,0.00659799,0.0
2020-04-20,-0.00019484,-0.00171741,0.00301681,0.0
2020-04-21,-0.00058223,0.0032347,0.00131255,0.0
2020-04-22,0.000727,-0.00219743,-0.00260151,0.0
2020-04-23,0.00029588,0.00131725,0.00094644,0.0
2020-04-24,0.00193589,-0.00071942,0.0,0.00449235
2020-04-27,0.00030242,-0.00356884,0.0,-0.00048466
2020-04-28,-0.00093819,-0.0024256,0.0,0.0
2020-04-29,0.00067728,-0.00028971,0.0,-0.00105242
2020-04-30,0.00017041,0.00205961,0.0,0.0
2020-05-06,8.639e-05,-0.00174552,0.0,0.0
2020-05-07,0.00118774,-0.0006001,0.0,-0.00237254
2020-05-08,0.0003523,4.141e-05,0.0,0.00066172
2020-05-11,-0.00064926,-0.00192554,0.0,0.00202273
2020-05-12,-0.00109798,0.00068457,0.0,-7.764e-05
2020-05-13,-0.00061679,-0.00396989,0.00143135,-0.0026788
2020-05-14,0.00158976,-0.00211253,0.00039044,0.00402899
2020-05-15,0.00022778,0.00236729,-0.0033222,-0.00122129
2020-05-18,0.00112903,-0.00318361,-0.00583561,0.00201857
2020-05-19,-0.00062973,0.00231705,-0.00098952,0.00120095
2020-05-20,-0.00033303,0.00068726,-0.00047121,-0.0025925
2020-05-21,0.00124628,0.00057232,-0.00043295,-0.00019397
2020-05-22,-0.00119686,0.00139359,-0.00519761,0.00075664
2020-05-25,0.00269136,0.00144358,-0.00238985,-0.00031018
2020-05-26,0.00010756,0.00226077,-0.00062071,-0.00023271
2020-05-27,-0.00092011,0.00173831,0.00401774,0.00083407
2020-05-28,-2.223e-05,-0.01043245,-0.00351837,0.00058142
2020-05-29,-0.00115656,0.00270345,-0.0013871,-0.00670184
2020-06-01,7.847e-05,-0.00219649,-0.00452647,0.00202802
2020-06-02,0.0,-0.00012519,-0.00102455,0.0004476
2020-06-03,0.0,-0.00160686,0.00516708,0.00060301
2020-06-04,0.0,-0.00423262,0.00597622,0.00437406
2020-06-05,0.0,0.00186817,-0.00042503,-0.00313561
2020-06-08,0.0,0.00040273,0.00204873,-0.00040775
2020-06-09,0.0,0.00215721,-0.00487989,-0.00085467
2020-06-10,0.0,-0.00040808,-0.00091099,0.00499634
2020-06-11,0.0,0.0,-0.00270635,-0.00116066
2020-06-12,0.0,0.0,-0.00327783,-0.0004648
2020-06-15,0.0,0.0,-0.00264455,0.00352641
2020-06-16,0.0,0.0,-0.00408008,5.792e-05
2020-06-17,0.0,0.0,-0.00050105,0.00274154
2020-06-18,0.0,0.0,-0.00012778,-0.00286883
2020-06-19,0.00074332,0.0,0.00757941,-0.00345636
2020-06-22,0.0007466,0.0,-0.00060491,0.00145322
2020-06-23,-0.0018125,0.0,0.00162059,0.00019348
2020-06-24,0.00033537,0.0,-0.003041,0.00032885
2020-06-29,-0.00114946,0.0,0.00142737,0.00406098
2020-06-30,-0.0011364,0.0,-0.00389527,-0.00109781
2020-07-01,0.00016801,0.0,0.00111729,-0.00360554
2020-07-02,-0.0022078,-0.00522492,0.00501239,-0.0038895
2020-07-03,6.734e-05,-0.00213316,-0.00301971,-0.00132099
2020-07-06,7.696e-05,-0.00229568,-0.00676119,-0.00142
2020-07-07,0.00084647,0.00929885,-0.00995505,0.00235704
2020-07-08,0.00038443,-0.00025098,0.00099867,-0.00066075
2020-07-09,-8.062e-05,-0.00129707,0.0015747,-0.00211969
2020-07-10,-0.00014647,0.00553019,-0.00122246,-0.00150058
2020-07-13,0.00126843,0.00270822,0.0,0.00165897
2020-07-14,-0.00024953,0.00117386,0.0,0.0018121
2020-07-15,6e-05,-0.00166015,0.0,0.00058349
2020-07-16,-9.359e-05,0.00101853,0.0,0.00115283
2020-07-17,0.00143758,-0.00164045,0.0,-0.00121941
2020-07-20,9.107e-05,0.0062294,0.0,0.00111
2020-07-21,-0.00068534,0.00199471,0.0,0.0
2020-07-22,0.00044602,-0.00083549,0.0,0.0
2020-07-23,0.00239928,-0.00900195,0.0,0.0
2020-07-24,-0.00217116,-0.00211467,0.0,0.0
2020-07-27,-5.272e-05,0.00598165,0.0,0.0
2020-07-28,0.00038314,0.01084408,0.0,0.0
2020-07-29,-0.0001632,-0.0042603,0.0,0.0
2020-07-30,-0.00014411,-0.01185617,0.0,0.0
2020-07-31,0.0,0.00679215,0.0,0.0
2020-08-03,0.0,-0.00272548,0.0,-0.00202771
2020-08-04,0.0,0.00310701,0.0,0.00443633
2020-08-05,0.0,0.01245171,-0.00127782,0.00385496
2020-08-06,0.0,0.01310688,0.00021858,0.00274021
2020-08-07,0.0,-0.00443363,0.00192701,-0.00178974
2020-08-10,0.0,-0.0097183,0.0088135,0.00210142
2020-08-11,0.0,0.00340098,0.00112032,-0.01319769
2020-08-12,0.0,-0.02039797,0.00410323,-0.00060437
2020-08-13,0.0,-0.01977012,0.00319683,-0.00641804
2020-08-14,0.0,0.00743175,-0.00254346,-0.0002356
2020-08-17,0.0,-0.00427419,0.0176054,-0.0023566
2020-08-18,0.0,-0.00246953,-0.00313949,-0.00149604
2020-08-19,0.0,-0.00102001,0.00095348,0.00163628
2020-08-20,0.0,0.00455218,-0.00716836,-0.00106283
2020-08-21,0.0,0.00374806,0.0071232,0.00143832
2020-08-24,0.0,0.00145546,0.00320442,-0.00043284
2020-08-25,0.00081451,-0.00360375,-0.0057361,-0.00081346
2020-08-26,-8.38e-05,-0.00623687,0.00261447,-0.00290852
2020-08-27,0.00058666,-0.00554204,-0.00615829,0.00203494
2020-08-28,-0.00111281,0.00060971,-5.809e-05,0.0004732
2020-08-31,-0.00101822,0.00091935,-0.00226571,0.00329111
2020-09-01,-0.00043168,0.00082238,0.00558009,0.000275
2020-09-02,-0.00082775,0.00021343,-0.00732485,0.00186553
2020-09-03,-0.00126067,-0.00487582,-0.00077775,-0.00125444
2020-09-04,0.00040873,0.0006969,0.00268532,-0.00304191
2020-09-07,0.00049268,-0.00454274,0.00302745,-0.00173229
2020-09-08,0.00093683,-0.00500475,-0.00218634,0.00069017
2020-09-09,6e-05,0.00528953,-0.00212327,-0.00122175
2020-09-10,0.0009839,-0.00114057,0.00351716,0.00114433
2020-09-11,-0.00046749,-0.00149736,0.00285615,-0.0016357
2020-09-14,-0.00057564,-0.00243822,0.00387137,0.00430321
2020-09-15,0.00049198,0.00129779,0.00929008,0.00019655
2020-09-16,0.00176305,-0.00482801,-0.00358273,-0.00056988
2020-09-17,-0.00023945,-0.0014652,0.00697128,-9.831e-05
2020-09-18,-0.00153284,0.00048912,-0.00565047,0.00157314
2020-09-21,0.00169111,0.00558406,-0.00203427,0.00015707
2020-09-22,-0.00079025,0.00992851,0.00113883,-0.00406346
2020-09-23,0.00165364,-0.00053487,-0.00013383,-0.00013788
2020-09-24,0.00011963,0.00370328,0.00100384,0.00055403
2020-09-25,0.00041866,-0.00115167,-0.00312312,0.00157939
2020-09-28,0.00072936,-0.00266898,-0.00156166,0.0
2020-09-29,-0.00222232,-0.00130595,-0.00211106,0.0
2020-09-30,-0.00165249,0.00759941,-0.00136548,0.0
2020-10-09,-0.00329846,-0.00631876,-0.00246507,0.0
2020-10-12,0.00063781,-0.0038432,-0.00013514,0.0
2020-10-13,-0.00099819,0.00169796,0.00426719,0.0
2020-10-14,0.00022873,0.0001502,-0.00010575,0.0
2020-10-15,-0.00018185,0.00187718,0.00741261,0.0
2020-10-16,-0.00131977,0.00573877,0.00304439,0.0
2020-10-19,-0.00046579,0.00017033,-0.00167456,0.0
2020-10-20,0.0,-0.00081957,-0.00290681,0.0
2020-10-21,0.0,-0.00527298,0.01040901,0.0
2020-10-22,0.0,-0.00217392,-0.00175953,0.0
2020-10-23,0.0,0.00137373,-0.00145938,0.0
2020-10-26,0.0,-0.00144687,-0.00842745,0.0
2020-10-27,0.0,0.00040786,0.00239276,0.0
2020-10-28,0.0,0.00375505,0.00323684,0.00298247
2020-10-29,0.0,0.01452579,0.00072332,0.00127482
2020-10-30,0.0,0.00242318,-0.00640057,0.0
2020-11-02,0.0,0.00924887,-0.00786799,-0.0020567
2020-11-03,0.0,-0.01030963,0.00046309,-0.00068698
2020-11-04,0.0,0.00574515,0.00675025,-0.00029462
2020-11-05,0.0,-0.00989718,-0.00117816,0.00343827
2020-11-06,0.0,-0.00482899,0.0042483,-0.00293699
2020-11-09,0.00215419,-0.00339776,0.00179526,-0.00098188
2020-11-10,-0.00248371,-0.00065365,0.00772106,0.00117941
2020-11-11,-0.00518487,-0.00127732,-9.459e-05,0.00117802
2020-11-12,0.00014051,-0.0053374,0.00177849,0.00186301
2020-11-13,0.0,-0.00064261,0.00022664,-0.00117445
2020-11-16,0.0,0.0,-0.00518316,-0.00342951
2020-11-17,0.0,0.0,-0.00130017,0.00108156
2020-11-18,0.0,0.0,-0.001815,-0.00137504
2020-11-19,-7.735e-05,0.0,-0.00164695,0.00147528
2020-11-20,-0.00287133,0.0,0.00754268,-0.00736555
2020-11-23,0.00375515,0.0,-0.01138548,0.0024734
2020-11-24,0.00081897,-0.0013899,-0.00172318,0.00473721
2020-11-25,0.00080378,-0.00216154,0.00941714,-0.00353616
2020-11-26,-0.00127727,0.00584126,-0.00869277,-0.00216865
2020-11-27,-0.00045052,-0.00037501,-0.00252049,0.00484068
2020-11-30,-0.00099353,0.0018972,0.00321862,-0.00501399
2020-12-01,-0.00230438,-0.0038942,0.00551635,0.00247022
2020-12-02,-0.00058837,0.00503715,0.00704809,-0.00492827
2020-12-03,-2.522e-05,0.00088697,-0.00475727,-0.00178297
2020-12-04,-0.00104074,0.0079436,-0.0091989,-0.00099231
2020-12-07,0.0001221,0.0008686,-0.00453665,0.00218524
2020-12-08,0.0,-0.00230721,0.00401777,0.0284453
2020-12-09,0.0,0.00179276,0.00667908,-0.01493754
2020-12-10,0.0,0.00228723,0.00231645,0.000587
2020-12-11,0.0,0.00016904,0.01298208,0.00215105
2020-12-14,0.0,0.00152108,0.00511689,-0.00039026
2020-12-15,0.0,-0.00323794,0.01116249,-0.00078083
2020-12-16,0.0,0.00195754,-0.00334411,0.00195359
2020-12-17,0.0,-0.00313651,-0.00156644,-0.00302217
2020-12-18,0.0,0.0034536,-0.00132753,-0.00166234
2020-12-21,0.0,0.00427575,0.00578196,0.00068563
2020-12-22,0.0,0.00099791,-0.00320709,-0.00078304
2020-12-23,0.0,0.00380415,-0.00446913,-0.00195914
2020-12-24,-0.00223131,0.0024175,0.00352057,0.00265004
2020-12-25,-0.00194259,0.0,0.00475188,0.00088101
2020-12-28,0.00179233,0.0,-0.00771299,-0.00019561
2020-12-29,-0.00030998,0.0,-0.00117292,-0.00039129
2020-12-30,-0.00217056,0.0,0.00246976,-0.00048931
2020-12-31,-0.00072672,0.0,-0.00345844,-0.00146864
2021-01-04,-0.00246825,0.0,-0.0008956,-9.805e-05
2021-01-05,-0.00211843,0.0,0.00366964,0.00098063
2021-01-06,-6.642e-05,0.0,-0.00037213,0.0020573
2021-01-07,-5.168e-05,0.0,0.00160078,0.00136872
2021-01-08,0.00740473,0.0,-0.00110574,-0.00165974
2021-01-11,0.00023387,0.0,-0.00065116,-0.0017603
2021-01-12,0.0,0.0,-0.00144279,0.0017634
2021-01-13,0.0,0.0,-0.001072,-0.00146692
2021-01-14,0.0,0.0,-0.00183836,-0.00107732
2021-01-15,0.0,0.0,-0.00392656,-0.00323544
2021-01-18,0.0,0.0,-0.00263741,-0.00026695
2021-01-19,0.0,0.00172242,-0.00223973,0.00095953
2021-01-20,0.0,0.01067947,-0.00354634,-0.00126181
2021-01-21,0.0,-0.00773168,0.00037861,0.0
2021-01-22,0.0,0.00379207,-0.00061501,0.0
2021-01-25,0.0,-0.001449,-0.00051125,0.0
2021-01-26,0.0,0.00523432,-0.0052856,0.0
2021-01-27,0.0,-0.00871282,-0.00336152,0.0
2021-01-28,0.0,-0.0006241,-0.00321998,0.0
2021-01-29,0.0,0.0030704,0.00257856,0.00224289
2021-02-01,0.0,0.00524003,0.00549761,0.00060883
2021-02-02,0.0,0.00500627,-0.00248179,0.00286563
2021-02-03,-0.00187288,0.00934641,-0.00671084,0.00080243
2021-02-04,0.00096868,-0.00254392,0.00144912,-0.00205336
2021-02-05,0.00028837,-0.00918147,0.0030378,-0.00317456
2021-02-08,-0.00131926,-0.00113258,-0.00027706,0.00188721
2021-02-09,0.00049905,-0.00608163,0.00241781,-0.00221722
2021-02-10,0.0009976,-0.00352611,-0.00776029,-0.00119957
2021-02-18,-0.00395221,-0.0132697,-0.01677573,0.00023626
2021-02-19,-0.00033842,-0.00247868,-0.0063225,-0.00116136
2021-02-22,0.00034344,-0.0030664,-0.00369766,-0.00333047
2021-02-23,-0.00087793,-0.00424252,0.00957458,-0.00045477
2021-02-24,0.0012567,-0.01134384,0.0065311,-0.00132538
2021-02-25,0.00077464,-0.00506364,0.00012041,-0.00324851
2021-02-26,0.00091122,0.00806726,0.000928,0.00166929
2021-03-01,-0.00229065,-0.00236321,0.00436656,-0.00960229
2021-03-02,0.00246271,0.00414542,-0.00531371,-0.00091219
2021-03-03,0.00388074,-0.0007506,-0.00125748,-0.00312465
2021-03-04,0.00014137,-0.00525816,0.0,-0.00120326
2021-03-05,0.00555164,0.00010788,0.0,0.0
2021-03-08,0.00211824,-0.02572579,0.0,0.0
2021-03-09,0.00036277,0.00664279,0.0,0.0
2021-03-10,0.00134419,0.00120981,0.0,0.0
2021-03-11,-0.00035469,0.00972169,0.0,0.0
2021-03-12,0.0008898,-0.00043517,0.0,0.0
2021-03-15,-0.00015763,-0.00527871,0.0,0.0
2021-03-16,0.0,0.00530672,0.0,0.0
2021-03-17,0.0,0.00234005,0.0,0.0
2021-03-18,0.0,0.01265018,0.0,0.0
2021-03-19,0.0,0.00444999,0.0,0.0
2021-03-22,0.00419677,-0.00533769,0.0,0.0
2021-03-23,-0.00097336,-0.01100098,0.0,-0.00336436
2021-03-24,0.0002526,-0.00526324,0.0,0.00419256
2021-03-25,-0.00138294,0.00180006,0.0,0.0001006
2021-03-26,-0.00146915,0.02216087,0.0,0.00707174
2021-03-29,-0.00211048,0.00319613,0.0,-0.00080909
2021-03-30,0.00119645,0.00318595,0.0,0.00039987
2021-03-31,-0.00260733,0.00349341,-0.0017424,-0.00326765
2021-04-01,-0.00198481,-0.01434697,-0.00608881,-0.00145371
2021-04-02,-0.00266785,-0.00396003,0.00133304,-0.01923699
2021-04-06,0.00126454,0.01423758,0.00343585,-0.00354204
2021-04-07,-0.00121437,-0.0042378,6.829e-05,-0.00153075
2021-04-08,-0.0006444,0.00494741,0.00492605,-0.00054533
2021-04-09,0.00159378,-0.00238212,0.00483395,0.03948082
2021-04-12,-0.00034011,0.00456337,-0.00117852,0.00447654
2021-04-13,-0.002333,-0.00327493,0.00846251,-2.958e-05
2021-04-14,-0.00185128,-0.00450457,-0.00644467,-0.00091698
2021-04-15,0.00250142,0.00441849,0.00198841,-0.00374037
2021-04-16,-0.00371234,-0.01054712,0.0050864,-0.00364545
2021-04-19,0.00202801,0.00294611,0.00081469,0.00023862
2021-04-20,-0.00288956,-0.00154884,0.00279642,-0.0027335
2021-04-21,-0.00036683,-0.01085869,0.00331388,-0.0058707
2021-04-22,0.00013001,-0.00654347,-0.00259856,-0.00090235
2021-04-23,0.00053287,-0.0064777,-0.0020041,-0.00240844
2021-04-26,0.0004252,0.01430003,0.00569925,0.00750429
2021-04-27,0.0,-0.0006482,-0.00046591,-0.00277568
2021-04-28,0.0,0.00762133,-0.00274918,-0.00113138
2021-04-29,0.0,-0.00160929,0.00325278,-0.00463089
2021-04-30,0.0,0.00419091,0.00468746,0.00402809
2021-05-06,0.0,-0.03001652,0.00099369,-0.00827459
2021-05-07,0.0,-0.00314418,-0.00635327,-0.00390381
2021-05-10,0.0,0.0042608,0.0043292,-0.00096455
2021-05-11,0.0,0.00578554,0.00476528,-0.00223585
2021-05-12,0.0,-0.01375063,0.01132397,-0.00583641
2021-05-13,0.0,0.00677676,0.01259565,0.00210707
2021-05-14,0.0,0.01495197,0.00228339,-0.00060006
2021-05-17,0.0,0.00527297,-0.00502488,0.0
2021-05-18,0.0,-0.00730017,0.00202195,0.00235292
2021-05-19,0.0,0.00729939,0.00281028,-0.00122473
2021-05-20,0.0,0.00767912,-0.00756189,-0.00255465
2021-05-21,0.0,0.01325555,-0.00306447,0.00430281
2021-05-24,3.466e-05,-0.00333674,0.00725289,0.00285625
2021-05-25,0.00202824,-0.00472959,-4.61e-05,0.00162749
2021-05-26,0.0003341,-0.00347061,0.00785563,-0.00101553
2021-05-27,-0.0013311,0.01237696,-0.00668745,0.00193147
2021-05-28,7.32e-06,-0.01249027,0.00427342,0.00020292
2021-05-31,-0.00386188,0.0,-0.00577758,0.00142016
2021-06-01,-0.00058814,-0.00101829,-0.00330221,0.0023298
2021-06-02,-0.00030405,-0.01389507,-0.00446072,-0.0010106
2021-06-03,-0.00475595,-0.01191467,0.00401591,-0.0024279
2021-06-04,0.0065482,0.00616682,0.00016666,0.00060845
2021-06-07,-0.00028402,-0.00290034,0.00109237,0.00263503
2021-06-08,-0.00056086,0.0122937,-0.00021269,0.00192054
2021-06-09,-0.00254122,-0.00016265,-0.0011284,-0.00110976
2021-06-10,0.00199491,-0.00401264,-0.00021297,0.00323197
2021-06-11,-0.00185118,0.00920093,-0.00221353,0.00372493
2021-06-15,-0.00134122,0.01898935,0.00612624,0.0003009
2021-06-16,0.00163819,0.01440014,-0.00252783,-0.00230621
2021-06-17,-0.00067287,0.00433178,-0.00178507,-0.00211054
2021-06-18,-0.00081132,0.01631702,-0.00812592,-0.00090643
2021-06-21,0.00289991,-0.00286332,-0.00680995,0.00040322
2021-06-22,-0.00042335,-0.00148705,0.00838975,0.00060459
2021-06-23,0.0,-0.0071382,0.00510203,0.00332324
2021-06-24,0.0,0.00087929,-0.00118783,0.00180667
2021-06-25,0.0,-0.00769998,-0.00314964,-0.00160303
2021-06-28,0.0,-0.00411422,-0.01166906,-0.00511788
2021-06-29,0.0,0.00705967,0.00246133,0.0006052
2021-06-30,0.0,-0.00602356,0.00190967,-0.00221773
2021-07-01,0.0,-0.01269479,-0.0007042,-0.00090927
2021-07-02,0.0,-0.00597924,0.00292213,-0.00242692
2021-07-05,0.0,0.0001597,-0.00139591,-0.0028383
2021-07-06,0.0,0.00053064,0.00181066,-0.00254141
2021-07-07,0.0,0.00968001,0.00196658,0.00061149
2021-07-08,0.0,0.00237053,-0.00562647,0.00132409
2021-07-09,0.0,0.0,-0.00083653,-0.0049842
2021-07-12,0.0,0.0,0.00048669,0.00276015
2021-07-13,0.0,0.0,0.00383968,0.00489343
2021-07-14,0.0,0.0,0.00883262,-0.00050725
2021-07-15,0.0,0.0,-0.00164336,-0.00142102
2021-07-16,-0.00021114,0.0,0.00500328,-0.0037609
2021-07-19,0.00182073,0.0,0.00169339,-0.00132639
2021-07-20,-0.00172924,-0.01119833,-0.00067302,0.00020433
2021-07-21,0.00104033,0.00717605,0.0,0.00081715
2021-07-22,-0.00036766,0.01023877,0.0,-0.00377625
2021-07-23,0.00022558,-0.00172399,0.0,-0.00594197
2021-07-26,-0.00256906,0.00701255,0.0,-0.0030918
2021-07-27,-0.00087003,-0.00753537,0.0,0.00093042
2021-07-28,-0.00055101,0.00837802,0.0,-0.0044412
2021-07-29,0.0024809,0.00140204,0.0,-0.00228238
2021-07-30,0.00487095,0.00674113,0.0,-0.00603094
2021-08-02,0.00045932,0.00880781,-1.522e-05,0.00585831
2021-08-03,-4.396e-05,-0.00377829,0.00149756,-0.00145605
2021-08-04,-0.00110876,-0.01019907,-0.00096919,-0.00312465
2021-08-05,0.00111977,0.00036246,-0.0003049,0.00229859
2021-08-06,0.00113805,-5.176e-05,0.00032348,-0.00114666
2021-08-09,-0.00141973,0.00082822,-0.00473045,0.00156542
2021-08-10,-0.00505674,-0.00118958,-0.00406599,-0.00364695
2021-08-11,-0.00150263,-0.01496511,0.00166846,-0.00439235
2021-08-12,-0.00802119,-0.00089367,0.00165637,-0.01869734
2021-08-13,-0.0033068,-0.00257819,0.00981031,0.00406762
2021-08-16,0.01161967,-0.00416742,0.00049679,0.04061802
2021-08-17,0.00146528,-0.00598593,-0.00176549,-0.00040979
2021-08-18,0.0024451,0.00495614,0.0012804,0.00450955
2021-08-19,0.00393299,0.00169693,0.0068722,-0.00030609
2021-08-20,-0.00072205,0.00079409,0.00089542,0.00326595
2021-08-23,-0.000166,0.00105794,0.00706566,-0.00325532
2021-08-24,-0.00215829,-0.00470288,-0.01107708,-0.00153091
2021-08-25,0.0003083,-0.00791056,0.00333652,-0.00010222
2021-08-26,0.00070935,0.00315734,0.00070345,-0.00019118
2021-08-27,0.00170123,0.00474778,0.00115943,0.00181653
2021-08-30,-0.00273785,0.00026155,-0.00341954,-0.00084711
2021-08-31,-0.00068512,-0.00759412,0.00511489,0.00124621
2021-09-01,0.0011655,0.00256312,0.00252167,-0.00642735
2021-09-02,0.00132067,0.0,-0.00593871,-0.00087279
2021-09-03,-0.00206631,0.0,-0.00369961,0.00681372
2021-09-06,0.00208528,0.0,0.00412595,0.00127594
2021-09-07,-0.00051779,0.0,0.00484861,0.00057089
2021-09-08,-7.331e-05,0.0,-0.00192645,0.00304643
2021-09-09,0.0019502,0.0,0.00287705,0.00318954
2021-09-10,0.00058051,0.0,-0.00591916,-0.00946733
2021-09-13,0.00175514,0.0,0.00247491,0.00418091
2021-09-14,-0.00089063,0.0,-0.00514713,0.00143534
2021-09-15,0.0008622,0.0,-0.01125408,0.00648534
2021-09-16,0.00545101,0.0,0.00373232,0.00333287
2021-09-17,-0.00085194,0.0,-0.00046134,-0.01015666
2021-09-22,0.00402112,0.0,0.00530791,0.0067016
2021-09-23,0.00114842,-0.00977942,0.00718983,0.00625292
2021-09-24,0.00202913,0.00141156,-0.0090804,0.00049191
2021-09-27,0.0042713,0.00078548,0.00529023,-0.00085855
2021-09-28,-0.0033958,-9.358e-05,0.00081453,-0.00063742
2021-09-29,0.00334009,-0.00301649,0.00096932,0.00042677
2021-09-30,0.00707466,-0.00027572,-0.00169924,0.0
2021-10-08,-0.00543162,0.0,0.00272707,0.0
2021-10-11,0.00437094,0.0,0.01321495,-0.0019562
2021-10-12,0.00022855,0.0,0.00850291,-0.00362317
2021-10-13,-0.00345598,0.0,-0.00310812,0.00474746
2021-10-14,3.821e-05,-0.00918268,0.00097656,-0.01015378
2021-10-15,-0.00365413,0.00468189,-0.00862826,0.00710946
2021-10-18,0.00199437,0.00195073,0.00373775,0.00887451
2021-10-19,-0.00957401,0.00892342,0.00059365,0.00589762
2021-10-20,0.00086956,-0.00026802,-0.01000523,0.00486931
2021-10-21,-0.00113427,-0.00112597,-0.01616289,0.00079114
2021-10-22,-0.00876068,-0.01197016,0.0018182,-0.02045447
2021-10-25,-0.00304191,0.00880116,-0.00319681,0.00827193
2021-10-26,-0.0035695,0.01448678,0.0011368,0.00610303
2021-10-27,0.00312101,0.00021234,-0.01033956,-0.00616545
2021-10-28,-0.00056747,-0.00817338,-0.01064347,-0.00680406
2021-10-29,-0.0028879,0.0161604,0.00655284,0.0165222
2021-11-01,-0.0021452,-0.0128491,0.00025291,-0.00971255
2021-11-02,-0.0027008,0.00565464,0.00327768,0.00560446
2021-11-03,0.00554447,0.01071524,-0.00143747,0.01263928
2021-11-04,0.00302676,-0.01322581,0.00314081,-0.02093358
2021-11-05,0.00014183,-0.00308483,-0.01951268,-0.00190724
2021-11-08,-0.0020294,-0.01045687,0.00453332,-0.01196817
2021-11-09,-0.00102901,-0.0191938,-0.00178812,-0.01526867
2021-11-10,0.00044636,0.02055887,-0.0094684,0.01695259
2021-11-11,-0.00144636,0.00651741,0.00193283,0.00467573
2021-11-12,-0.00253848,-6.698e-05,-0.01756248,0.00354106
2021-11-15,-0.00222497,0.0077469,0.00841816,0.00151224
2021-11-16,-0.00387279,0.00014546,0.00549457,0.00161062
2021-11-17,-0.00300627,0.0,-0.00030678,0.00206265
2021-11-18,-0.00290108,0.0,0.00199469,0.00178342
2021-11-19,-0.0009715,-0.00163357,-0.00292865,0.00898047
2021-11-22,-0.00321655,0.01457281,0.00793827,-0.00400871
2021-11-23,0.00308685,-0.00026211,-0.0038855,-0.00399496
2021-11-24,0.00531179,-0.00697389,0.00257175,-0.00130032
2021-11-25,0.00202419,-0.00184812,0.00377622,0.00196303
2021-11-26,-0.00072288,5.29e-05,0.0016625,-0.00703708
2021-11-29,0.00409267,0.00222174,0.00470419,0.00055367
2021-11-30,0.00328151,0.00374747,0.00481433,0.0012677
2021-12-01,0.00152964,-0.00157752,0.00198227,0.00246186
2021-12-02,0.00096255,0.00079001,-1.875e-05,-0.00024057
2021-12-03,-0.01072503,-0.01573507,-0.00687277,0.00903354
2021-12-06,-0.00318395,-0.02021052,-0.00082138,0.02638105
2021-12-07,0.00134332,-0.0079672,-0.00051024,-0.00128757
2021-12-08,0.00253895,0.00500574,0.00396109,-0.00335393
2021-12-09,-0.00088217,0.00339352,-0.002759,-0.05658629
2021-12-10,-0.00604671,0.02732906,0.01171807,-0.00061857
2021-12-13,0.00294443,0.01327448,-0.00293058,-0.00192906
2021-12-14,-0.00096533,0.0,0.00062715,-0.00276999
2021-12-15,-0.00016436,0.00267252,-0.00469603,-0.00432199
2021-12-16,0.0033725,-0.00496495,0.00455841,-0.00223475
2021-12-17,0.00179725,-0.01024206,-0.00341499,-0.0005162
2021-12-20,0.00320646,0.01125018,-0.00537004,0.0030897
2021-12-21,-0.00099789,-0.00188916,-0.0038133,-0.00252866
2021-12-22,3.461e-05,0.00136697,-0.0008717,0.00017735
2021-12-23,0.00082578,0.00362278,-0.00036036,0.00029206
2021-12-24,0.00056324,-0.00664395,-0.00015179,-0.00080292
2021-12-27,0.0033578,0.00200125,0.00341573,0.00116882
2021-12-28,0.00060533,-0.00325868,-0.00632595,6.254e-05
2021-12-29,-0.00073777,0.00358572,-0.00258836,0.00029185
2021-12-30,0.0016046,-0.00315256,0.00010495,-0.00225072
2021-12-31,0.00090421,-0.00084334,-0.0021846,-0.0025691
2022-01-04,0.00084448,0.01455993,-0.00050671,-0.0049525
2022-01-05,-0.00405203,0.01596287,0.00590189,0.00047351
2022-01-06,-0.00243816,0.00353137,-0.0023393,-0.00196678
2022-01-07,-0.00255768,-0.01025085,-0.00094363,-0.00012646
2022-01-10,-0.00046532,0.00103055,0.00634452,0.0004005
2022-01-11,0.00093604,-0.00211045,-0.00696816,6.321e-05
2022-01-12,0.00280053,0.00020633,-0.00507901,-0.00271796
2022-01-13,0.00097696,0.00458996,0.00385749,-0.00010563
2022-01-14,0.00088727,0.00590375,0.0039287,-0.00155299
2022-01-17,0.0021916,0.00275593,0.0043037,-0.00116391
2022-01-18,0.0029485,-0.00748163,-0.00045507,-0.00247883
2022-01-19,-0.00095545,-0.00594837,0.0010718,-0.00415227
2022-01-20,0.00019618,-0.00686093,-0.00380888,0.00384967
2022-01-21,-0.0012798,-0.00451898,0.00078942,0.00188027
2022-01-24,-0.0020179,0.00532216,0.00144454,-0.00367927
2022-01-25,-0.00041817,0.00534589,0.00079715,-0.00465065
2022-01-26,-0.00127472,-0.00036138,-0.00461787,-0.00371011
2022-01-27,0.0052631,-0.00098125,0.00095263,0.00036488
2022-01-28,-0.00655913,-0.00465257,0.00749956,0.00675855
2022-02-07,0.00720446,0.0009868,-0.01538812,-7.459e-05
2022-02-08,0.00231245,0.01208937,0.00419258,0.00270678
2022-02-09,0.00031245,0.00999685,0.00465277,0.00230625
2022-02-10,-0.00237141,0.00182731,-0.00362319,-0.00431559
2022-02-11,-7.347e-05,0.00106398,-0.00288237,-0.00530339
2022-02-14,-4.898e-05,0.00075918,0.00506352,0.0
2022-02-15,0.00090625,0.00505737,8.571e-05,-0.00376856
2022-02-16,-0.00141932,-0.00090575,0.0025045,0.00146154
2022-02-17,-0.0008332,0.00407955,0.00325817,0.00281151
2022-02-18,0.00068674,-5.016e-05,0.00510335,-0.00551095
2022-02-21,0.00073528,-0.01725597,0.00226083,-0.00179695
2022-02-22,-0.00102864,-0.00510435,0.00096808,-0.01091968
2022-02-23,2.452e-05,-0.00543837,-0.00154931,-0.01743769
2022-02-24,0.00031871,-0.02744371,-0.00162695,0.00292828
2022-02-25,0.0041664,0.01002486,-0.00400336,-0.00312986
2022-02-28,-0.00051254,0.01612214,0.00991149,0.00572467
2022-03-01,-0.00068373,-0.00961283,-0.00131106,-0.0166019
2022-03-02,0.0006842,0.00109585,-0.00185665,-0.00944505
2022-03-03,-0.00034187,-0.01047741,0.00107097,-0.00346525
2022-03-04,-0.00134351,0.01048299,0.00210211,0.02507976
2022-03-07,0.0002446,-0.01308509,0.00678005,-0.00869119
2022-03-08,0.00166289,-0.00470125,-0.00307884,-0.00277336
2022-03-09,0.00063476,-0.00313128,-0.01052466,-0.02464837
2022-03-10,0.00097593,0.01650417,0.00099954,-0.00013797
2022-03-11,0.00024374,0.00492324,0.00479488,-0.01186694
2022-03-14,0.00041426,0.00823468,-0.00147191,0.04010135
2022-03-15,-0.00082819,0.00992498,0.00778354,0.01391837
2022-03-16,0.00080449,-0.00952033,-0.00209622,-0.00807749
2022-03-17,-0.00160769,0.01183393,-0.0028942,0.01617528
2022-03-18,0.00119551,-0.00422737,0.00058988,0.00198151
2022-03-21,0.00272934,-0.00888582,0.0069902,-0.00014204
2022-03-22,-0.00012151,0.00159055,0.00286216,-0.0127961
2022-03-23,-0.00082639,0.0,-0.00459605,-0.01851867
2022-03-24,-0.00080275,0.0,-0.00355604,0.00781565
2022-03-25,-0.00036518,0.0,0.00165357,-0.01312649
2022-03-28,0.00048709,0.0,-0.00516705,-0.01084044
2022-03-29,-0.0016066,0.0,-0.0077252,-0.00543377
2022-03-30,-0.00246254,0.0,-0.00139834,0.0024551
2022-03-31,-0.00234641,0.0,-0.00359536,0.0106127
2022-04-01,-0.00019599,0.0,0.00311456,0.01575757
2022-04-06,-0.00396965,0.0,0.00530103,-0.01183926
2022-04-07,-0.00078725,0.0,-0.00105462,0.00856927
2022-04-08,0.00024621,0.0,-0.00264875,0.07205351
2022-04-11,0.00105845,0.00670292,-0.00091676,-0.00445744
2022-04-12,-0.00459814,-0.0179116,0.00088923,0.01769087
2022-04-13,0.00121043,-0.00193357,0.00632302,-0.00082778
2022-04-14,-0.00493454,-0.0113621,0.00218835,0.00336207
2022-04-15,0.00117763,-0.01382299,-0.00016869,0.0
2022-04-18,-0.00186117,0.00456484,0.00012185,0.0
2022-04-19,0.00396001,-0.00550638,-0.0001687,0.0
2022-04-20,-0.00080568,0.00311785,-0.00011248,0.0
2022-04-21,0.0008657,-0.00551966,-0.00102183,0.0
2022-04-22,0.002323,-0.00064664,-0.00159532,0.0
2022-04-25,0.00080377,0.00312743,-0.00265058,0.01439911
2022-04-26,0.00268036,-0.01112689,0.00157384,-0.01151764
2022-04-27,-0.00087469,-0.00668602,-0.00636075,-0.0112607
2022-04-28,-0.00019181,-0.0112731,0.00124052,-0.01569884
2022-04-29,-0.00251864,-0.00260134,-0.00257255,-0.0153781
2022-05-05,-0.00186909,0.02003265,-0.0012327,0.01916301
2022-05-06,-0.00076329,0.00505941,0.00376911,0.01521922
2022-05-09,0.00233256,0.00129908,-0.00185383,-0.00056061
2022-05-10,-0.00042437,0.00097305,0.00091916,-0.00010387
2022-05-11,0.0,0.00243025,0.00174196,-0.00118429
2022-05-12,0.0,0.00237049,0.00566099,0.00965198
2022-05-13,0.0,-0.01402805,0.00134385,-0.01118734
2022-05-16,0.0,0.00752266,-0.00061002,0.0021461
2022-05-17,0.0,0.00789933,-0.00226315,0.01074911
2022-05-18,0.0,0.00080521,-0.0036989,-0.00514255
2022-05-19,0.0,-0.00520286,0.00593265,-0.0017575
2022-05-20,0.0,-0.00285767,0.00560654,-0.00950724
2022-05-23,0.0,0.00129775,0.00435189,0.0026767
2022-05-24,0.0,-0.00237612,-0.00537445,-0.00188775
2022-05-25,0.0,-0.00476356,-0.00131815,0.00651937
2022-05-26,0.0,-0.00059829,-0.00463367,0.0032178
2022-05-27,0.0,-0.01681671,-0.00143889,-0.01489927
2022-05-30,0.0,-0.00204809,-0.00554724,0.01911584
2022-05-31,0.0,-0.00571315,-0.00211195,0.0015887
2022-06-01,0.0,0.00178516,0.0034546,0.0
2022-06-02,0.0,-0.00428788,-0.00317788,0.0
2022-06-06,0.0,0.00229299,0.00152759,0.0
2022-06-07,7.224e-05,-0.00736542,0.00072,0.0
2022-06-08,0.00082906,-0.01236679,0.00053961,0.0
2022-06-09,0.00196245,0.01052956,-0.00302776,0.0
2022-06-10,-0.00171747,-0.01064514,0.00174625,0.0
2022-06-13,-0.00181902,0.00779934,0.00862127,0.0
2022-06-14,0.00293104,-0.00378476,0.00091112,0.0
2022-06-15,0.00186133,0.02290823,-0.00490804,0.0
2022-06-16,-0.00064878,0.01480079,0.00353651,0.0
2022-06-17,0.00126643,0.00764752,-0.00182311,0.00197908
2022-06-20,0.00307243,0.01040843,-0.0021277,0.02175085
2022-06-21,-0.00268596,0.01470069,0.00303797,0.00609085
2022-06-22,0.00013748,0.0182947,0.0013827,0.00431571
2022-06-23,-0.00111935,0.01318892,-0.00105203,0.00858681
2022-06-24,-0.00204215,0.03812924,-0.0018712,0.0
2022-06-27,-0.0001773,-0.00267474,-0.00152614,0.0
2022-06-28,0.00151963,-0.01065195,-0.00105672,0.0
2022-06-29,-0.0003197,0.00114003,0.00215347,0.0
2022-06-30,-0.00084623,0.0,0.00272375,-0.0007376
2022-07-01,-0.00102422,0.0,-0.00203961,-0.03108963
2022-07-04,0.00018238,0.0,-0.00840116,-0.00173169
2022-07-05,-7.639e-05,0.0,0.00115877,-0.02326532
2022-07-06,-0.00044851,0.0,0.0064892,-0.02246136
2022-07-07,-0.00057198,0.0,0.00538223,-0.00427488
2022-07-08,0.00047363,0.0,-0.01103498,0.01631427
2022-07-11,0.00151393,0.0,0.00273976,-0.00200655
2022-07-12,0.00183908,0.0,-0.00064289,-0.00973546
2022-07-13,-0.00053326,0.0,0.00448418,-0.01720454
2022-07-14,0.00029751,0.0,0.00029196,0.00141351
2022-07-15,0.00315117,0.0,0.01471615,-0.01563519
2022-07-18,-0.00117124,0.0,-0.00888907,0.0335319
2022-07-19,-0.00174665,0.0,-0.00135749,-0.0076841
2022-07-20,-0.0016809,0.00529366,0.00842787,0.01161541
2022-07-21,-0.00135388,0.00447407,0.00612631,-0.01169467
2022-07-22,-0.00038453,0.00341484,0.00124737,-0.00591653
2022-07-25,0.00064853,0.00725034,-0.00667203,-0.0023807
2022-07-26,-0.00011582,0.01650188,0.00075251,0.01844019
2022-07-27,2.218e-05,0.00346839,-0.00286853,-0.01086378
2022-07-28,0.00212441,0.02097843,0.00312815,0.02788846
2022-07-29,-0.00090748,-0.00174893,0.00028771,0.01162791
2022-08-01,-0.00300798,-0.01319864,-0.00304327,-0.00683442
2022-08-02,0.00310593,-0.00187036,0.00015821,-0.01887187
2022-08-03,-0.00233331,0.0,0.00045595,-0.00127524
2022-08-04,0.00106577,0.0,0.00713377,-0.01457758
2022-08-05,-0.0009143,0.0,-0.00061874,0.01673686
2022-08-08,-0.00106068,0.0,-0.0013399,0.0185854
2022-08-09,-0.00101735,0.0,-0.00185987,-0.00208529
2022-08-10,2.966e-05,0.0,-0.00201166,-0.00240309
2022-08-11,0.00052895,0.0,-0.00138407,0.00330719
2022-08-12,-0.00123769,0.0,0.00234408,0.00504962
2022-08-15,0.00112297,0.0,0.00301605,0.00280434
2022-08-16,-0.00165786,0.0,0.00773488,-0.01048168
2022-08-17,0.00394488,0.00061644,-0.00317671,-0.00290985
2022-08-18,-0.01165748,-0.0124258,0.00789339,-0.00571072
2022-08-19,0.00201031,0.001355,-1.828e-05,0.00147899
2022-08-22,0.01239362,0.0061859,0.00428597,0.0
2022-08-23,0.0011433,0.00129682,0.00180171,0.0
2022-08-24,-0.00088658,0.01794005,-0.00412375,0.0
2022-08-25,-0.00121675,-0.00080764,0.00106713,0.0
2022-08-26,0.00164646,-0.00481652,0.00055577,0.0
2022-08-29,0.00181083,-0.00204321,-0.00098345,0.0
2022-08-30,-0.00034581,0.0,-0.00136724,0.0
2022-08-31,0.00049559,0.0,0.00191676,0.0
2022-09-01,-0.00128006,0.0,-0.00416326,0.0
2022-09-02,0.00052545,0.00082986,-0.0007227,0.0
2022-09-05,-0.000454,-0.00323586,-0.00522732,0.0
2022-09-06,-0.00101399,0.00026656,0.00084666,0.0
2022-09-07,-0.00052844,0.00660851,-0.00193095,0.0
2022-09-08,-0.00048114,0.0,0.00149247,0.0
2022-09-09,-0.0003466,0.0,-0.00182141,0.0
2022-09-13,0.0,0.0,0.00043314,0.0
2022-09-14,0.0,-0.00127895,0.00146468,0.0
2022-09-15,0.0,-0.00492296,0.00172929,0.0
2022-09-16,0.0,-0.00242609,0.00061523,0.00012079
2022-09-19,0.0,-0.00381488,0.00012848,0.00126493
2022-09-20,0.0,0.00057442,-0.00334912,-0.00473749
2022-09-21,0.0,0.00875493,0.0015559,0.00476004
2022-09-22,0.0,0.00369922,0.0003585,0.00221083
2022-09-23,0.0,0.00226805,-0.00328044,-0.002311
2022-09-26,0.0,-0.01470899,0.00734766,-0.00758078
2022-09-27,0.0,0.00042925,0.00442037,-0.00519855
2022-09-28,0.0,0.01121833,0.00127563,-0.00703872
2022-09-29,0.0,-0.0009081,-0.00424061,-0.0032221
2022-09-30,4.952e-05,0.01009286,0.00423125,0.0
2022-10-10,0.00012304,-0.011473,-0.01070192,0.0108828
2022-10-11,0.00157478,-0.00540483,0.00172016,0.00298453
2022-10-12,0.00117923,-0.00416622,0.00319566,-0.00913951
2022-10-13,-0.00039261,0.0030061,0.00614211,-0.00622071
2022-10-14,-0.00031912,-0.005956,7.278e-05,0.004317
2022-10-17,0.0019399,-0.00183399,-0.00057312,0.00365367
2022-10-18,9.803e-05,0.00191432,0.00086472,0.00877973
2022-10-19,-0.00088221,0.00499269,0.00193712,0.00626214
2022-10-20,0.00235463,-0.00766201,0.00186076,0.00105477
2022-10-21,0.0,-0.00539134,-0.00374179,-0.00115903
2022-10-24,0.00061175,-0.0013745,4.547e-05,-0.00337563
2022-10-25,-0.00217648,-0.00039741,-0.00178236,0.00825598
2022-10-26,7.352e-05,0.00589563,-0.00155779,-0.00356929
2022-10-27,0.00044112,0.00472356,-0.0030292,0.00632131
2022-10-28,0.00132276,0.00537298,-0.00208662,0.0015704
2022-10-31,0.00171243,-0.00428495,0.00433786,0.00836234
2022-11-01,0.00046401,0.00536726,-0.00208195,0.00549411
2022-11-02,-0.00082704,-0.00627287,-0.00172943,-0.00185573
2022-11-03,0.00127424,-0.00355915,-5.5e-05,-0.00371836
2022-11-04,0.00158107,0.01004166,-0.00017417,0.00051837
2022-11-07,-0.0008039,0.0069488,0.00236543,-0.00031086
2022-11-08,-0.00077529,0.00614355,0.00185678,0.00507893
2022-11-09,-0.00046358,0.01011401,-0.00826244,0.00082502
2022-11-10,0.0003271,0.00858767,0.00202528,0.0014426
2022-11-11,0.00035628,-0.00653829,-0.00104734,0.00658524
2022-11-14,-0.00073669,0.0100393,-0.00077254,-0.0048044
2022-11-15,0.00046382,0.00575203,0.0011597,-0.00338959
2022-11-16,-0.00108338,-0.00850092,-0.00102046,-0.00793594
2022-11-17,0.00032732,0.0065711,-0.00313812,-0.00810331
2022-11-18,0.00010833,-0.01007654,0.0009047,-0.00199001
2022-11-21,0.00030456,-0.01278177,0.00305292,-0.00019479
2022-11-22,0.0002906,-0.00187641,0.00032183,0.00457532
2022-11-23,0.0,-0.00435207,-0.00464211,0.00505724
2022-11-24,0.0,-0.00434277,-0.00041558,0.00369068
2022-11-25,0.0,-0.00826828,0.00226355,0.00249629
2022-11-28,0.0,0.01039284,1.844e-05,-0.00362662
2022-11-29,0.0,-0.01075907,-0.00116146,0.00934324
2022-11-30,0.0,-0.00043045,-0.00306392,-0.00097602
2022-12-01,0.0,-0.00671794,-0.00438784,0.00081615
2022-12-02,0.0,0.01283308,-1.86e-05,0.0
2022-12-05,0.0,-0.00731501,-0.00450954,0.0
2022-12-06,0.0,0.00195482,-0.00072853,0.0
2022-12-07,0.0,-0.00291695,0.00047669,0.0
2022-12-08,-0.00162724,0.00241712,0.00151348,0.0
2022-12-09,0.00026397,0.00868831,-0.00429105,0.0
2022-12-12,0.0001124,0.02418033,0.00044032,0.0
2022-12-13,0.0026729,0.00122262,0.00454176,0.0
2022-12-14,0.00128415,-0.03697597,-0.00023305,0.0
2022-12-15,0.00307607,0.00612871,0.00056878,0.0
2022-12-16,0.00142414,-0.00194771,-0.00032616,0.0
2022-12-19,0.00270614,-0.00378823,0.00195762,0.0
2022-12-20,0.00129989,0.00168046,-0.00505197,0.0
2022-12-21,-0.00160224,-0.0006488,0.00162708,0.0
2022-12-22,0.00235888,-0.00531592,-0.00126968,0.0
2022-12-23,-0.00054975,-0.00039647,0.00519734,0.0
2022-12-26,-0.00112906,0.0,-0.00207377,0.0
2022-12-27,-0.00038161,0.0,-0.00272107,0.0
2022-12-28,0.00151011,0.0,0.00251358,-0.00021307
2022-12-29,-0.00031845,0.0,0.00562039,0.00106888
2022-12-30,0.00024857,0.0,0.00088052,-0.00757685
2023-01-03,0.00042463,0.0,-0.00065749,0.00281387
2023-01-04,-0.00035452,0.0,0.00348423,2.063e-05
2023-01-05,-0.00012545,0.0,0.00224396,0.00352803
2023-01-06,-0.00213294,0.0,-0.00089373,-0.00187089
2023-01-09,-0.00084388,0.0,-0.00175217,0.00539661
2023-01-10,-0.00063163,0.0,0.00326106,0.00622811
2023-01-11,-0.00239492,0.0,-0.00280848,-0.00016288
2023-01-12,-0.00139574,0.0,-0.00395217,-0.00046837
2023-01-13,0.0002528,0.0,-0.00394931,0.00344308
2023-01-16,-0.00053463,0.0,-0.00490502,-2.03e-05
2023-01-17,-0.00128624,0.0,0.00327366,-6.091e-05
2023-01-18,0.0001972,0.0,-0.00193914,0.00166501
2023-01-19,-0.00028722,0.0,0.00219512,0.00060814
2023-01-20,-0.00056,0.0,0.00012117,-0.00145864
2023-01-30,-0.00037347,0.0,-0.0014445,-0.00251578
2023-01-31,-0.00024894,0.0,0.00524504,0.00500356
2023-02-01,0.00055114,0.0,-0.00078915,4.048e-05
2023-02-02,0.0,0.0,-0.00122647,0.00084453
2023-02-03,0.0,-0.00841501,0.00083726,-0.0034845
2023-02-06,0.0,-0.00103135,0.00360649,-0.00075858
2023-02-07,0.0,0.00510363,0.00137999,0.0
2023-02-08,0.0,0.00242257,-0.00233073,0.0
2023-02-09,0.0,-0.00139203,-0.00217857,0.0
2023-02-10,0.0,0.00133589,-0.00053886,0.0
2023-02-13,0.0,-0.0033546,-0.00390422,0.0
2023-02-14,0.0,0.0003007,-0.00043861,0.0
2023-02-15,0.0,0.00136728,-0.00050416,0.0
2023-02-16,0.0,-0.00129763,-9.341e-05,0.0
2023-02-17,0.0,0.00058178,-0.00187772,0.0
2023-02-20,0.0,0.00310104,-0.00251769,0.0
2023-02-21,0.0,-8.258e-05,-0.00079756,0.0
2023-02-22,0.0,0.0,0.00317401,0.0
2023-02-23,0.0,0.00386701,0.00343543,0.0
2023-02-24,0.0,0.00102981,0.000681,0.0
2023-02-27,0.0,0.00071147,0.00152888,0.0
2023-02-28,0.0,-0.00055724,-0.00446795,8.084e-05
2023-03-01,-0.00209143,-0.00036529,-0.0031042,0.00113708
2023-03-02,-0.00026612,-0.00455823,-0.00127556,0.00208904
2023-03-03,-0.00125035,-0.00255039,0.00053529,-0.00429081
2023-03-06,0.00097317,0.00841648,0.00202739,-0.00026425
2023-03-07,0.00037375,0.00288132,0.00137696,-0.00188073
2023-03-08,0.001365,0.00232717,-0.00173988,0.0008963
2023-03-09,-0.00047308,0.00486328,0.002352,-0.00011194
2023-03-10,-0.00065628,0.01244642,-0.00108443,0.00248326
2023-03-13,0.00058591,0.00181255,0.00127278,-0.00113703
2023-03-14,0.00147612,-0.00073121,0.00312182,0.00291696
2023-03-15,-0.00034108,-0.00054649,0.00011181,0.00466168
2023-03-16,0.0003875,0.0016234,0.00040062,0.00647589
2023-03-17,-0.00044338,0.00100362,-0.00056809,0.00282625
2023-03-20,0.0013941,0.0,0.00272091,0.00028612
2023-03-21,-0.00089322,0.0,-0.00391232,0.00104808
2023-03-22,0.00087209,0.0,0.00016793,-1.091e-05
2023-03-23,0.00065472,0.0,0.00313416,0.0
2023-03-24,-0.00036485,0.0,-0.00346842,0.0
2023-03-27,-0.0005864,0.0,-0.00051321,0.0
2023-03-28,0.00190631,0.0,-0.00439719,0.0
2023-03-29,0.0007533,0.0,0.00060013,0.0
2023-03-30,-0.00041764,0.0,0.00138698,0.0
2023-03-31,-0.00195062,0.0,-0.00233026,0.0
2023-04-03,0.00236334,0.0,-0.00499973,0.0
2023-04-04,0.00141806,0.0,0.00142355,0.0
2023-04-06,0.00127299,0.0,0.00041422,0.0
2023-04-07,0.00071197,0.00214805,-0.00252193,0.0
2023-04-10,-0.00062192,0.01830988,-0.00121698,0.0
2023-04-11,-0.00038501,-0.00082564,0.00151128,0.0
2023-04-12,0.00052522,-0.00633516,-0.00190511,0.0
2023-04-13,-0.00029712,0.00267958,-0.00051971,0.0
2023-04-14,-0.00084924,0.00479192,-0.00031199,0.0
2023-04-17,0.0,0.0,0.00264798,0.0
2023-04-18,0.0,-0.0050442,-0.00092435,-0.00373998
2023-04-19,0.0,0.00585329,-0.0011329,-0.00514934
2023-04-20,0.0,0.00568177,0.00293943,0.0009063
2023-04-21,0.0,-0.00072953,-0.00072564,-0.00016097
2023-04-24,0.0,-0.00513368,-0.00121656,0.00313951
2023-04-25,0.0,-0.00027498,-0.0028893,-6.539e-05
2023-04-26,-0.00044405,-0.00637217,-0.00235791,0.0
2023-04-27,-0.00052379,0.00184548,0.00295198,0.0
2023-04-28,-0.00125921,-0.00064473,0.00048266,0.0
2023-05-04,-0.00108589,-0.00258057,0.00170269,-0.00285431
2023-05-05,-0.00058609,0.00194044,0.00040606,0.00758554
2023-05-08,-0.00040637,0.00373503,0.00309615,0.00189709
2023-05-09,-0.00074491,0.00188353,0.00019762,0.00400623
2023-05-10,0.0006334,0.00169658,-0.00138305,-0.00125067
2023-05-11,0.00113453,0.0011444,0.00291125,0.00167959
2023-05-12,-0.00078549,-0.00338354,-0.00076093,0.00207916
2023-05-15,-0.0001728,0.00408321,-0.00065809,0.00220688
2023-05-16,-0.00044546,0.00338122,0.00081845,-0.0010585
2023-05-17,2.435e-05,-0.00045538,0.00082719,0.0
2023-05-18,-0.00031414,-0.00200459,-0.00252647,0.0
2023-05-19,-0.00011936,0.00223687,-0.00260819,0.0
2023-05-22,0.00111825,-0.00901861,-0.00191642,0.0
2023-05-23,9.73e-06,-0.00317145,-0.00276191,0.0
2023-05-24,0.0011973,0.00562533,-0.00169778,0.0
2023-05-25,0.00142677,-0.00018341,-0.00471246,0.0
2023-05-26,-0.00088348,-0.00298089,0.00375154,0.0
2023-05-29,0.00109319,0.00331178,-0.00410842,0.0
2023-05-30,-0.00018443,0.00220056,-0.00159476,0.0
2023-05-31,0.00117229,-0.00228722,0.00418935,0.00443341
2023-06-01,-0.00053576,-0.00013755,-0.00343846,0.00138831
2023-06-02,-0.00077133,0.00252206,0.00078373,-0.00159287
2023-06-05,-0.00093941,-0.00219553,0.00133703,-0.00072877
2023-06-06,-0.00055397,-4.584e-05,-0.00259419,-5.64e-05
2023-06-07,0.00036223,-0.00100855,-0.00097535,0.0
2023-06-08,-0.00090402,-0.00073423,0.00016272,0.0
2023-06-09,-0.00127456,0.00381161,0.00069861,0.0
2023-06-12,0.00192646,-0.00251617,-0.00216132,0.0
2023-06-13,-0.00010057,0.00220147,0.00098716,0.0
2023-06-14,-0.00034142,0.00265427,-0.00366708,0.0
2023-06-15,0.00255346,-4.564e-05,0.002143,0.0
2023-06-16,-0.00028623,-9.129e-05,-0.00203293,0.0
2023-06-19,-0.00097055,-0.00104991,0.0005477,0.0
2023-06-20,1.775e-05,0.001114,0.00193032,0.0
2023-06-21,0.0,-0.00188535,-0.00138984,0.0
2023-06-26,0.0,-0.00131234,0.00263956,0.0
2023-06-27,0.0,0.0,0.00233585,0.0
2023-06-28,0.0,0.0,0.00107924,0.0
2023-06-29,0.0,0.0,0.00046749,0.0
2023-06-30,0.0,0.0,0.00050541,0.0
2023-07-03,0.0,0.0,0.00082922,0.0
2023-07-04,0.0,0.0,-0.00180944,0.0
2023-07-05,0.0,-0.00477013,-0.00214664,0.0
2023-07-06,0.0,0.00911023,0.00159671,0.0
2023-07-07,0.0,0.00057451,-0.00405701,-0.00116132
2023-07-10,0.0,0.0037276,0.00240578,0.00217083
2023-07-11,0.0,0.00444925,0.00412113,-0.00029538
2023-07-12,0.0,0.00528833,0.00099035,-0.00177281
2023-07-13,0.0,0.01101559,-0.00386233,0.00108531
2023-07-14,0.0,-0.00727557,0.0025021,-0.00226682
2023-07-17,0.0,-0.00302832,-0.00188618,0.00642079
2023-07-18,0.00127197,0.00100652,0.00271055,-0.00235563
2023-07-19,0.0003881,-0.00722705,-0.00253189,-0.00049191
2023-07-20,0.0010814,0.00468431,-0.00133596,0.00049216
2023-07-21,-0.00157432,0.0069847,-0.00174862,0.00147574
2023-07-24,-0.00058706,-0.00342343,0.00131137,-0.00176828
2023-07-25,-0.00077188,-0.00165033,-6.692e-05,0.00423172
2023-07-26,0.00074818,-0.0019675,-0.00240916,0.00039199
2023-07-27,-0.00086899,-0.00487893,8.625e-05,-0.00421223
2023-07-28,-0.00022351,0.00066035,0.0006516,-0.00245933
2023-07-31,-0.00081162,-0.00247693,-0.00038305,-0.00069031
2023-08-01,-0.00136677,-0.00392398,0.00713698,0.00098684
2023-08-02,0.00136864,-0.00750587,-0.00360503,-0.00069011
2023-08-03,0.00182884,0.0022092,0.00343669,-0.00187444
2023-08-04,0.00119434,-0.00643007,-0.00126532,-0.00365708
2023-08-07,0.00092136,0.01843924,-0.00022862,0.01103383
2023-08-08,-0.00077517,0.00263943,0.00885142,0.00062553
2023-08-09,-0.00037334,-0.00108184,-0.00032111,-0.00240244
2023-08-10,0.00108648,-0.00556849,0.00096363,0.00097312
2023-08-11,-0.00443812,0.00029352,0.0030108,-0.00128641
2023-08-14,-0.00067161,0.00287751,0.00016938,-0.00123891
2023-08-15,0.00531802,0.00101476,7.527e-05,0.00139663
2023-08-16,-0.00039723,0.0,-0.00384772,0.0
2023-08-17,0.00021808,0.0,-0.00167158,0.0
2023-08-18,0.0007413,0.0,-0.0026109,0.0
2023-08-21,-0.00086179,0.0,0.00275051,0.0
2023-08-22,0.0001066,0.0,-0.00125798,0.0
2023-08-23,0.00103686,0.0,0.00106069,0.0
2023-08-24,0.00038237,0.0,0.00072845,0.0
2023-08-25,-0.00010644,0.0,-0.00087918,0.0
2023-08-28,0.00124357,0.0,0.00358603,0.0
2023-08-29,-0.00105838,0.0,0.00263984,-0.00111321
2023-08-30,0.0008418,0.0,0.00226617,-0.0011023
2023-08-31,0.00040121,0.0,-0.0010883,-0.00413821
2023-09-01,0.00247877,0.0,-0.0016718,0.00197876
2023-09-04,0.00147491,0.0,-0.00148645,0.00254756
2023-09-05,0.00196846,0.00024253,0.0006878,0.00112281
2023-09-06,0.00060043,0.00168062,-0.00306942,0.00214471
2023-09-07,-0.00050886,0.00550246,-0.00066111,0.00176707
2023-09-08,-0.00148892,0.00377682,0.00201299,-0.00158756
2023-09-11,0.00173165,-0.00243095,0.00063192,0.00583032
2023-09-12,0.00172865,0.00213226,-0.0009897,0.00111246
2023-09-13,-0.0012607,0.00632954,-0.00140582,-0.00113072
2023-09-14,0.00196783,-0.00390887,0.00357147,0.0
2023-09-15,-0.00055087,-0.00325531,-0.00303153,0.00048793
2023-09-18,0.00277982,0.00110058,0.00457057,0.0010144
2023-09-19,-0.00025809,0.0068554,-0.00355334,-0.0008185
2023-09-20,0.00107089,-0.00164226,0.00284903,-0.00156032
2023-09-21,-0.0016858,0.00286313,0.00149573,-0.00111346
2023-09-22,-0.00077974,-0.00445975,-0.00145592,-0.00052802
2023-09-25,-2.872e-05,0.00095294,-0.00350871,0.00230885
2023-09-26,1.436e-05,0.00219769,-0.00063247,-0.00140555
2023-09-27,0.00081387,-0.00059215,0.00213476,-0.00065293
2023-09-28,-0.00291799,-0.00153888,-0.00182859,-0.00318173
2023-10-09,0.0027922,-0.00687737,0.00728998,0.00489623
2023-10-10,-0.00149268,-0.00238299,-0.00071247,-0.00304645
2023-10-11,-0.00145658,0.00259522,0.00228904,0.00100879
2023-10-12,0.00084451,-0.00207797,-0.00124487,0.00066519
2023-10-13,0.0004219,-0.00063725,0.00058104,0.0
2023-10-16,-0.00159105,0.00012272,0.00068373,0.0
2023-10-17,0.00119519,0.0,-0.00171283,0.0
2023-10-18,0.00063763,0.0,0.0002719,0.0
2023-10-19,-0.00057015,0.0,0.00257764,0.0
2023-10-20,5.273e-05,0.0,0.00047681,0.0
2023-10-23,-0.00123676,0.0,-0.00390607,0.0
2023-10-24,0.00135828,0.0,-0.0014541,0.0
2023-10-25,0.00029238,0.0,-1.879e-05,0.0
2023-10-26,0.00031146,0.0,-0.00147504,0.0
2023-10-27,0.00026346,0.0,-0.00224876,0.0
2023-10-30,0.00060819,0.0,0.00156542,0.0
2023-10-31,-0.00055518,0.0,-0.00161005,0.0
2023-11-01,0.00054112,0.0,-0.0021219,0.0
2023-11-02,0.00033024,0.0,-0.0012853,0.0
2023-11-03,0.00102388,0.0,0.00080435,0.0
2023-11-06,0.00063091,0.0,0.00292169,0.0
2023-11-07,0.00106518,0.0,0.00192326,0.0
2023-11-08,0.00125013,0.00054165,0.00231477,0.0
2023-11-09,0.00101506,0.00229764,0.00104206,0.0
2023-11-10,-0.00038086,-0.00179092,-0.00144423,0.0
2023-11-13,0.00116206,-0.00453915,0.00348433,0.00149021
2023-11-14,-0.00074685,-0.00130668,-0.00109501,-0.00126921
2023-11-15,-0.00109493,-0.00043312,-0.00250162,-0.00343123
2023-11-16,0.00198733,0.0046039,-7.514e-05,0.00098093
2023-11-17,-0.0007943,0.00312709,0.00125874,0.00045078
2023-11-20,0.00042841,-0.00208719,-0.00049723,0.00234106
2023-11-21,-0.0019175,0.00105924,0.00027221,0.00015636
2023-11-22,0.00066264,-0.00277981,0.00245857,-0.00410374
2023-11-23,0.00019533,0.00400149,-0.00049613,0.00112827
2023-11-24,0.00057157,5.374e-05,-0.00012175,0.00320461
2023-11-27,0.00420819,-0.00167473,0.00453345,-0.00228588
2023-11-28,-0.00143635,-0.00184799,0.00118419,0.00247715
2023-11-29,-0.00128651,0.00133014,-6.519e-05,0.00420954
2023-11-30,0.00244799,-0.00310552,0.00192799,-0.00128383
2023-12-01,0.00050263,0.00524901,0.00142229,0.00195743
2023-12-04,-0.00327492,0.00255258,-0.00215361,-0.00063176
2023-12-05,6.181e-05,0.00159912,-0.00201872,0.00357902
2023-12-06,0.00023298,0.00528918,-0.00284311,0.00495205
2023-12-07,-0.00348911,-0.00926283,0.00073851,-0.01344386
2023-12-08,-0.00229447,-0.00441501,-0.00592242,0.00051555
2023-12-11,-0.00235712,0.00218581,-0.00108066,-0.00427369
2023-12-12,0.00248729,-0.00173227,-0.00086546,0.0
2023-12-13,-0.00329382,0.00208593,-0.00206196,0.0
2023-12-14,-0.00196651,0.00089723,-7.548e-05,-0.00080656
2023-12-15,0.00618029,0.00018825,-0.00434032,-0.00027494
2023-12-18,-0.00096959,0.00140713,0.00156364,-0.00276
2023-12-19,0.00071236,0.00056385,0.00041632,0.00010834
2023-12-20,0.00161959,0.00169955,0.00016078,-0.00059089
2023-12-21,0.0021655,-0.00200028,9.456e-05,0.00090657
2023-12-22,-0.00180861,-0.00057265,0.0030163,-0.00027566
2023-12-25,0.00127786,-0.00131607,-0.00591075,-0.00013787
2023-12-26,-4.762e-05,0.00064545,-0.00039829,-0.00143798
2023-12-27,-0.00238114,-0.0004569,-0.00304529,-0.00144991
2023-12-28,-0.00033893,0.00050192,0.00365409,0.00046425
2023-12-29,0.00021011,0.00374463,-0.00084383,0.0026756
2024-01-02,0.00054904,0.00216878,-0.00037008,-0.00067942
2024-01-03,0.00129789,0.0004631,0.00205043,0.00210863
2024-01-04,-0.00243038,-0.00022254,0.00091891,-0.00088494
2024-01-05,-0.0002293,0.0,0.00081396,-0.00186987
2024-01-08,-0.00233174,0.00226151,0.00301675,2.958e-05
2024-01-09,0.00079024,-0.00248737,0.00163112,-0.00064087
2024-01-10,-0.00064605,0.00012468,-0.00418883,-0.00406474
2024-01-11,0.00159462,-0.0005877,0.0010587,-0.00190198
2024-01-12,-0.00016734,0.00134537,-0.00043436,-0.00504191
2024-01-15,-0.000263,-0.00477811,-0.00145481,0.00140652
2024-01-16,-0.00095661,0.00072418,-0.00446539,-0.00341673
2024-01-17,-0.00070857,-0.0004735,6.652e-05,0.00058973
2024-01-18,0.0009103,-0.00185916,0.00105476,-0.00310675
2024-01-19,0.00042602,0.00070744,-0.00284771,-0.0009219
2024-01-22,-0.00105262,0.00574499,0.00092339,0.00104311
2024-01-23,-0.00040233,-0.00368355,0.00092254,0.00322627
2024-01-24,0.00072353,-0.00196732,0.00169134,-0.00098874
2024-01-25,-0.00070386,0.00267299,0.00236198,-0.0024693
2024-01-26,-0.00216098,0.00072094,-0.0002082,-0.00284622
2024-01-29,0.00084514,0.0,-0.00087083,-0.00201443
2024-01-30,0.00025908,0.0,0.00228317,0.00172176
2024-01-31,-0.00066193,0.0,0.00299634,0.00327743
2024-02-01,0.00135834,0.0,0.00292142,0.00109225
2024-02-02,-0.00019173,0.0,0.00094904,0.00015015
2024-02-05,-0.0002493,0.0,-0.00016898,-0.00100082
2024-02-06,0.00058983,0.0,-0.00169944,-0.00264481
2024-02-07,-0.00037382,0.0,0.00031037,-0.00070314
2024-02-08,0.00015342,0.0,0.00153256,-0.00216115
2024-02-19,-0.00151478,0.0,-0.00199961,0.00054398
2024-02-20,0.00071053,-0.00066681,0.00024457,-0.00206397
2024-02-21,0.00205332,0.00071389,0.00117554,-0.00221958
2024-02-22,0.00071815,-0.0029427,0.00036634,0.00252786
2024-02-23,-0.00026313,0.00185132,-0.00015963,0.00091782
2024-02-26,-0.00155049,0.0012855,0.00071374,-0.00189442
2024-02-27,0.00069497,-0.0020595,-0.00132324,2.019e-05
2024-02-28,0.00040711,-0.00075046,0.00142836,-0.00188788
2024-02-29,0.00163258,0.00075996,-0.00328429,-0.00116319
2024-03-01,0.00021987,0.00062537,0.00138395,-0.00060759
2024-03-04,0.00062602,0.0005357,-0.00192733,0.00111459
2024-03-05,-0.00166197,-0.00027663,0.00366429,-0.000334
2024-03-06,0.00035878,-0.00302592,0.00141719,-0.00265268
2024-03-07,0.00017215,-0.0012982,3.749e-05,-0.00101517
2024-03-08,0.00041596,-0.00011654,0.00019681,-0.00059956
2024-03-11,-0.00129517,0.00279733,0.00152729,0.00107782
2024-03-12,0.00181845,-0.00109972,-0.00302186,-0.00115791
2024-03-13,-0.00201578,0.00078766,0.0019331,0.00072851
2024-03-14,-0.0013354,-0.00117161,0.00123629,-0.00694251
2024-03-15,-0.0002791,0.00051038,-0.00293725,0.0051572
2024-03-18,0.00113137,-0.00108289,-0.00124779,-0.00098746
2024-03-19,0.00071351,-0.00032253,0.00094875,-0.00379072
2024-03-20,0.00067472,-0.00206128,-0.00195201,-0.00537016
2024-03-21,0.0005069,-0.00020655,-0.00154209,0.00616018
2024-03-22,0.0005401,-0.00016168,0.0039177,-0.00236108
2024-03-25,0.00061624,0.00097026,-0.00096622,-0.00721271
2024-03-26,0.00079728,0.00308747,-0.00115495,0.0024045
2024-03-27,-0.00080618,0.00232637,-0.00019742,0.00133835
2024-03-28,0.0005064,0.00183892,-0.00368581,7.197e-05
2024-03-29,-0.0023455,0.00105143,0.00214228,0.00150095
2024-04-01,-0.00049264,0.00189593,0.00052736,-0.00337722
2024-04-02,1.247e-05,-0.00543715,-0.00110123,-0.00168918
2024-04-03,0.0,-0.00526142,-0.00156415,-0.00931653
2024-04-08,0.0,-0.00260421,-0.00453937,0.00916462
2024-04-09,0.0,-0.0012785,-0.00181076,0.01889548
2024-04-10,0.0,-0.00062204,0.00416944,2.026e-05
2024-04-11,0.0,0.00258892,-0.00273341,-0.0007191
2024-04-12,0.0,0.0013586,-0.00091996,0.0017433
2024-04-15,0.0,1.797e-05,0.00189856,0.00545351
2024-04-16,0.0,0.00138368,7.58e-05,-0.00117736
2024-04-17,0.0,0.00039479,-0.0005116,0.0028008
2024-04-18,-0.00040557,0.00038567,0.00221808,0.00151705
2024-04-19,0.00024415,-0.00176621,0.00060531,-0.00024075
2024-04-22,-0.00013162,-0.00047602,-0.00169195,0.00445504
2024-04-23,-0.00129479,-0.00974948,0.00058703,0.0023475
2024-04-24,0.0003331,0.00068056,0.00023657,-0.00064779
2024-04-25,0.00043361,0.0027204,-0.00163666,0.00373966
2024-04-26,-0.00091952,-0.00144694,-0.00298494,-0.00099353
2024-04-29,-4.314e-05,-0.0031426,0.00107399,5.967e-05
2024-04-30,-0.00044343,0.00065412,0.00121525,0.0024762
2024-05-06,0.0004652,-0.00275097,0.00293962,0.00132928
2024-05-07,0.00047937,-0.00294974,-0.00259063,-0.00131761
2024-05-08,-0.00033779,-0.00219146,-0.00117545,0.00173598
2024-05-09,0.00024924,0.00024708,0.00409992,-0.00020796
2024-05-10,0.00049835,-0.00139063,-0.00125709,-0.0010301
2024-05-13,-0.00034244,-0.00408608,0.00232807,0.00072379
2024-05-14,-0.0005893,-0.00317373,-0.00043432,-0.00069355
2024-05-15,0.00021573,0.00582318,-6.612e-05,0.00086258
2024-05-16,0.00072612,0.00199099,0.00064236,0.00256569
2024-05-17,-0.00129792,9.622e-05,-0.00286988,0.00068177
2024-05-20,0.00030452,0.00376111,0.00010414,-0.00019748
2024-05-21,6.472e-05,-0.00083007,0.00058693,0.00140239
2024-05-22,-0.00072866,-0.00212711,-0.00142861,0.00164493
2024-05-23,7.2e-06,0.00046658,0.00058742,-0.00199907
2024-05-24,-0.00022547,0.00022861,-0.00084274,0.0006906
2024-05-27,-0.0005008,0.00160905,-0.00368655,0.00212952
2024-05-28,-0.00211144,0.00271091,0.00252069,0.00198726
2024-05-29,-0.0008804,-0.00356836,-0.00110062,0.0022386
2024-05-30,-0.00156975,0.00398311,0.00138679,-0.00020755
2024-05-31,0.00235833,0.00159238,-0.00077781,0.0
2024-06-03,0.00194381,-0.00166253,0.00021833,0.0
2024-06-04,-0.00079234,0.00097287,0.00015185,0.0
2024-06-05,-0.00066321,0.00070927,0.00226794,0.0
2024-06-06,-0.00124074,-0.00032694,-0.00266046,0.0
2024-06-07,-0.00049114,0.0,-0.00161382,0.0
2024-06-11,0.00010598,0.0,-0.00024722,0.0
2024-06-12,5.78e-05,0.0,-0.00252036,0.0
2024-06-13,-0.00190738,0.0,-0.00149697,0.0
2024-06-14,-0.00064666,0.0,0.00107905,0.0
2024-06-17,0.00083058,0.0,0.00236563,0.0
2024-06-18,-0.00081542,0.0,-0.00166535,0.0
2024-06-19,-0.00084988,0.0,-0.00048614,0.0
2024-06-20,4.83e-06,0.0,-0.00130654,0.0
2024-06-21,-0.00019332,0.0,0.00010504,0.0
2024-06-24,-0.00018369,0.0,0.00062064,0.0
2024-06-25,-0.00043997,0.0,0.00066797,0.0
2024-06-26,-0.00095287,0.0,-0.00064845,0.0
2024-06-27,0.00049384,0.0,0.00169851,0.0
2024-06-28,0.00030487,0.0,-0.00014289,-0.00098528
2024-07-01,-0.00090464,0.00386958,-0.00101943,-0.0082585
2024-07-02,0.00044063,0.01249264,-0.00073436,-0.00076152
2024-07-03,-0.00088086,4.47e-05,-0.00031496,-0.00029692
2024-07-04,6.297e-05,0.00178811,0.00277821,-0.00159396
2024-07-05,-4.84e-06,-0.00263275,0.00122816,0.00082304
2024-07-08,0.00121582,-0.00035793,0.00096992,0.00039632
2024-07-09,-0.00027577,-0.00684778,0.00354341,0.00221851
2024-07-10,-0.00083721,-0.01198738,0.00163766,0.00114633
2024-07-11,0.00114304,-0.00091224,0.0031471,-0.00093773
2024-07-12,0.00016449,0.001286,9.42e-06,-0.00438677
2024-07-15,-0.00158173,0.00166184,0.00044279,0.00078397
2024-07-16,-0.00054746,-1.558e-05,-0.00084751,-0.00436298
2024-07-17,0.00169659,0.0,-0.00332696,-0.00226076
2024-07-18,0.00114689,0.0,-0.00109693,0.00026951
2024-07-19,0.00042536,0.0,-0.0013064,0.00315343
2024-07-22,-0.0003672,0.0,0.00037916,-0.0023079
2024-07-23,0.00041084,0.0,0.00301319,0.0040681
2024-07-24,0.000401,0.0,0.00087857,0.00418071
2024-07-25,0.00065197,0.0,-0.00082117,-0.00024723
2024-07-26,0.00016839,0.0,0.00203099,-0.00347193
2024-07-29,-0.00072046,0.0,0.00021683,-0.00378181
2024-07-30,-6.903e-05,0.0,-0.00020736,-0.0010163
2024-07-31,0.0,0.0,-0.0003111,0.004189
2024-08-01,0.0,0.0,-0.00036778,-0.00174807
2024-08-02,0.0,0.0,-0.00066035,-0.00638765
2024-08-05,0.0,0.0,0.00037759,0.00245332
2024-08-06,0.0,0.0,-9.44e-06,0.00684251
2024-08-07,0.0,0.0,0.00082096,0.00171636
2024-08-08,0.0,0.0,0.00163115,0.00814123
2024-08-09,0.0,-0.00371323,-0.00061186,-0.00394933
2024-08-12,0.0,-0.00011841,-0.00081272,-0.00054247
2024-08-13,0.0,0.0,0.00495033,0.00071053
2024-08-14,0.0,0.0,0.00365362,-0.00066072
2024-08-15,0.0,0.0,0.00188324,-0.00174664
2024-08-16,0.0,0.0,0.00027986,-0.00065243
2024-08-19,0.0,0.0,-0.00042433,-0.00326427
2024-08-20,0.0,0.0,0.00647496,0.00048276
2024-08-21,0.0,0.0,0.00254922,0.00091742
2024-08-22,0.00038486,-0.00017988,-0.00110956,-0.00017409
2024-08-23,0.00077963,-0.00219377,0.00037952,0.0
2024-08-26,0.00019777,0.00027482,-0.00014342,0.0
2024-08-27,-0.00102483,-0.00114478,-0.00164266,0.0
2024-08-28,-6.2e-05,-0.00041259,0.00173342,0.0
2024-08-29,0.0,-0.0016052,-0.00055984,0.0
2024-08-30,0.0,-0.00110248,-0.00144437,0.0
2024-09-02,0.0,0.00013796,-0.00109875,0.0
2024-09-03,0.0,0.01347239,-0.00162905,0.0
2024-09-04,0.0,0.00376568,-0.00238016,0.0
2024-09-05,0.0,0.00176278,-0.00173812,0.0
2024-09-06,0.0,-0.00239135,-0.00329558,0.0
2024-09-09,0.00101558,0.00090456,-0.00025759,0.0
2024-09-10,0.00022668,-0.00013556,-0.00396786,0.0
2024-09-11,-0.00103914,0.0027116,0.00291602,0.0
2024-09-12,-0.00045615,0.00419161,0.00162729,0.00080734
2024-09-13,-0.00083787,0.00430876,0.00313224,-0.00176291
2024-09-18,6.283e-05,-0.00281549,0.00201163,-0.00053576
2024-09-19,-0.00123723,-0.00331643,-0.0008757,0.00680978
2024-09-20,0.00064358,-0.0017087,-0.0029371,-0.00144714
2024-09-23,0.00107113,-0.002117,-0.00089308,0.00216426
2024-09-24,-0.00158204,0.00076735,0.00135251,-0.00360606
2024-09-25,-0.00035562,-0.00401422,0.00196293,-0.00072146
2024-09-26,-0.0001089,-0.00013586,0.00026121,0.0
2024-09-27,-0.00055666,0.00280807,0.000457,0.0
2024-09-30,-0.00211165,9.033e-05,0.00283864,0.0
2024-10-08,0.00208943,-0.00018064,0.0009017,0.0
2024-10-09,-0.00015014,-0.00018068,-0.00538677,-0.00238779
2024-10-10,-7.618e-05,0.00185225,-0.00317486,-0.00273767
2024-10-11,0.00092479,-0.00369766,5.621e-05,0.00465488
2024-10-14,5.699e-05,-0.00239882,-0.00027164,0.00291067
2024-10-15,0.0,0.00376568,-0.00058091,-0.0016979
2024-10-16,0.0,-0.00140118,-0.00102657,0.00120637
2024-10-17,0.0,-0.00153894,0.00208809,0.00203453
2024-10-18,0.0,0.0019493,-0.00139072,-0.00362713
2024-10-21,0.0,-0.0109039,-0.00312293,0.00344249
2024-10-22,0.0,-0.00073189,0.00415343,0.00173506
2024-10-23,0.0,-0.00146485,-0.0010165,0.0011219
2024-10-24,0.0,0.00316322,0.00161304,0.0025755
2024-10-25,0.0,-0.0010624,0.00051029,-0.00209825
2024-10-28,0.0,0.00228747,0.00317714,0.0037337
2024-10-29,0.0,0.00299591,-0.00230418,0.00293669
2024-10-30,0.0,0.0,0.00122955,0.00337707
2024-10-31,0.0,0.0,0.00285764,0.00196495
2024-11-01,0.0,0.0,-0.00152718,0.00176693
2024-11-04,0.0,0.0,-0.00131035,-0.00253911
2024-11-05,-0.00031866,0.0,0.0016109,-0.00167114
2024-11-06,0.00108202,0.0,-0.0022563,0.00075911
2024-11-07,-8.463e-05,0.0,3.271e-05,0.00212001
2024-11-08,-0.00042319,0.0,7.943e-05,0.00704528
2024-11-11,0.00125317,-0.00120283,0.00024293,0.00609018
2024-11-12,-0.00104622,0.01034256,-0.00292383,0.00844782
2024-11-13,9.433e-05,0.00239006,0.00178474,0.00231746
2024-11-14,-0.0001572,0.00238436,-0.00478356,0.00466211
2024-11-15,0.00019835,-0.00022441,0.00220359,0.01062027
2024-11-18,-4.111e-05,-0.00480335,0.00675095,-0.00098927
2024-11-19,-2.42e-06,-0.00031575,-0.0008289,-0.0040731
2024-11-20,0.00059738,0.00045122,-0.00388227,0.0009005
2024-11-21,3.384e-05,0.00441996,0.0014317,-0.01145228
2024-11-22,0.00071301,0.00763354,0.00345265,0.00601052
2024-11-25,-0.0009806,-0.00057932,-0.00010709,-0.00095712
2024-11-26,7.253e-05,0.00575196,0.00122465,0.00266598
2024-11-27,-0.00072524,-0.00172902,-0.00275792,0.00164633
2024-11-28,0.00090479,0.00142114,7.928e-05,0.00328726
2024-11-29,-0.00026346,0.00376954,-0.00035441,0.00664659
2024-12-02,-0.00034331,-0.00239855,-0.0059991,0.00568204
2024-12-03,2.42e-06,-0.00051745,0.00171298,0.01282564
2024-12-04,-0.00053691,0.00098885,-0.00376679,-0.00505799
2024-12-05,-0.00071868,0.0,0.00326843,-0.00268867
2024-12-06,7.26e-06,0.0,0.00238591,-0.00183102
2024-12-09,-0.0008209,0.0,0.00390003,0.00137348
2024-12-10,-0.00224659,0.0,0.01442623,-0.0433663
2024-12-11,-0.00028662,0.0,0.00098266,-0.00473433
2024-12-12,0.00038389,0.0,0.00234415,-0.00248478
2024-12-13,0.00107836,0.0,-0.00167963,0.00434223
2024-12-16,-0.00048037,0.0,-0.00168246,0.00192047
2024-12-17,0.00195639,0.0,-0.00084953,-0.00430554
2024-12-18,0.00325105,0.0,-0.00117657,0.00365667
2024-12-19,-0.00154299,0.0,0.00336822,-0.00632285
2024-12-20,0.00023701,0.0,0.0002614,-0.0050827
2024-12-23,-0.00314321,0.0,0.00592808,0.00267133
2024-12-24,-0.0001334,0.00040814,0.00139011,-0.00196413
2024-12-25,0.00033961,0.00129205,0.00037322,0.00084892
2024-12-26,-0.0001746,0.00070706,-0.00180623,0.00101528
2024-12-27,0.00117389,-0.00023846,-0.00011395,7.78e-05
2024-12-30,0.00020592,0.00121911,0.00345987,0.00095292
2024-12-31,-0.00046503,-0.00424404,0.00014991,0.00450747
