date,close,portfolio_value,daily_return,position,beta,g_pos,g_neg,holding_days,target_days,cash
2020-12-18,1213.9999999999927,1570000.0,0.0,0,1.1,0.0,0.0,0,0,1570000.0
2020-12-21,-4152.0,1570000.0,0.0,0,1.2,83.7352518320536,0.0,0,0,1570000.0
2020-12-22,-4020.0,1570000.0,0.0,0,1.2,0.0,4120.677577074681,0,0,1570000.0
2020-12-23,-4034.0,1570000.0,0.0,0,1.2,0.0,7275.808847047576,0,0,1570000.0
2020-12-24,-4006.0,1570000.0,0.0,0,1.2,0.0,9666.178929314012,0,0,1570000.0
2020-12-25,-4068.0,1569920.0,-5.095541401278769e-05,10,1.2,0.0,0.0,0,1,368600.0
2020-12-28,-4026.0,1569320.0,-0.0003821850794945014,0,1.2,0.0,1003.0443090516121,1,0,1569320.0
2020-12-29,-4112.0,1569320.0,0.0,0,1.2,0.0,1332.070074062494,1,0,1569320.0
2020-12-30,-4052.0,1570160.0,0.0005352636810846967,10,1.2,0.0,0.0,0,6,361960.0
2020-12-31,-3990.0,1570780.0,0.0003948642176594408,10,1.2,0.0,0.0,1,6,361960.0
2021-01-04,-3988.0,1570800.0,1.273252778877243e-05,10,1.2,42.98162474292445,0.0,2,6,361960.0
2021-01-05,1206.9999999999927,1571020.0,0.0001400560224089631,10,1.1,80.43833470991451,0.0,3,6,361960.0
2021-01-06,1224.9999999999927,1570380.0,-0.0004073786457206019,10,1.1,4180.613229773827,0.0,4,6,361960.0
2021-01-07,-4136.0,1569320.0,-0.0006749958608743833,10,1.2,7426.949494696352,0.0,5,6,361960.0
2021-01-08,1206.9999999999927,1570540.0,0.0007774067749088953,0,1.1,5325.801478276329,1071.9948407228303,6,0,1570540.0
2021-01-11,1282.9999999999927,1570540.0,0.0,0,1.1,7760.555583546038,0.0,6,0,1570540.0
2021-01-12,1267.9999999999927,1570540.0,0.0,0,1.1,9507.649525503008,0.0,6,0,1570540.0
2021-01-13,1260.9999999999927,1569220.0,-0.000840475250550754,-10,1.1,0.0,0.0,0,1,406230.0
2021-01-14,1286.9999999999927,1569530.0,0.00019755037534574527,0,1.1,380.8578419174094,0.0,1,0,1569530.0
2021-01-15,1203.9999999999927,1569530.0,0.0,0,1.1,775.2812806024416,0.0,1,0,1569530.0
2021-01-18,1210.9999999999927,1569530.0,0.0,0,1.1,1089.9558906089699,0.0,1,0,1569530.0
2021-01-19,1205.9999999999927,1568080.0,-0.0009238434435786536,-10,1.1,0.0,0.0,0,7,397540.0
2021-01-20,1226.9999999999927,1567870.0,-0.00013392173868675972,-10,1.1,0.0,32.25442487044131,1,7,397540.0
2021-01-21,1237.9999999999927,1567760.0,-7.01588779682405e-05,-10,1.1,0.0,36.2063497684497,2,7,397540.0
2021-01-22,1246.9999999999927,1567670.0,-5.740674593046613e-05,-10,1.1,0.0,25.409321206811633,3,7,397540.0
2021-01-25,1174.9999999999927,1568390.0,0.0004592803332335027,-10,1.1,9.678090928680836,3.9445549926351315,4,7,397540.0
2021-01-26,1148.9999999999927,1568650.0,0.00016577509420478975,-10,1.1,0.0,39.53321300206745,5,7,397540.0
2021-01-27,1167.9999999999927,1568460.0,-0.00012112325885316189,-10,1.1,0.0,91.09811400476218,6,7,397540.0
2021-01-28,1241.9999999999927,1567840.0,-0.00039529219744205424,0,1.1,0.0,116.93119805124745,7,0,1567840.0
2021-01-29,1152.9999999999927,1567840.0,0.0,0,1.1,27.225436139462136,73.29949133356692,7,0,1567840.0
2021-02-01,1138.9999999999927,1567840.0,0.0,0,1.1,0.0,107.44360816661701,7,0,1567840.0
2021-02-02,1133.9999999999927,1567840.0,0.0,0,1.1,0.0,141.41298522169353,7,0,1567840.0
2021-02-03,1141.9999999999927,1567240.0,-0.00038269211143993065,10,1.1,0.0,0.0,0,1,436460.0
2021-02-04,1191.9999999999927,1567280.0,2.552257471744035e-05,0,1.1,0.0,11.520249558530267,1,0,1567280.0
2021-02-05,1196.9999999999927,1567280.0,0.0,0,1.1,17.13494233187932,0.0,1,0,1567280.0
2021-02-08,1193.9999999999927,1567280.0,0.0,0,1.1,34.801276517389354,0.0,1,0,1567280.0
2021-02-09,1247.9999999999927,1567280.0,0.0,0,1.1,58.65622931802224,0.0,1,0,1567280.0
2021-02-10,1168.9999999999927,1567280.0,0.0,0,1.1,120.30318596045888,0.0,1,0,1567280.0
2021-02-18,1321.9999999999927,1567280.0,0.0,0,1.1,99.31577118224364,5.584013793213198,1,0,1567280.0
2021-02-19,1355.9999999999927,1567280.0,0.0,0,1.1,200.3303757014408,0.0,1,0,1567280.0
2021-02-22,1403.0,1566890.0,-0.0002488387524883784,-10,1.1,0.0,0.0,0,1,291720.0
2021-02-23,1290.0,1570230.0,0.0021316110256623944,0,1.1,114.96249096707572,0.0,1,0,1570230.0
2021-02-24,1294.0,1570230.0,0.0,0,1.1,104.80182802307172,0.0,1,0,1570230.0
2021-02-25,1147.0,1570230.0,0.0,0,1.1,86.27718331131464,0.0,1,0,1570230.0
2021-02-26,1158.0,1570230.0,0.0,0,1.1,0.0,117.21844876835817,1,0,1570230.0
2021-03-01,1296.0,1570230.0,0.0,0,1.1,0.0,221.40752708411173,1,0,1570230.0
2021-03-02,1296.9999999999927,1570230.0,0.0,0,1.1,0.0,184.14930135483195,1,0,1570230.0
2021-03-03,1304.0,1570230.0,0.0,0,1.1,9.874362588243962,138.5950925145171,1,0,1570230.0
2021-03-04,1295.9999999999927,1570230.0,0.0,0,1.1,44.668585610385136,75.67502982237067,1,0,1570230.0
2021-03-05,1536.9999999999927,1570230.0,0.0,0,1.1,70.49960540713337,21.50604961912937,1,0,1570230.0
2021-03-08,1552.9999999999927,1570230.0,0.0,0,1.1,291.06951021418166,0.0,1,0,1570230.0
2021-03-09,1384.9999999999927,1570230.0,0.0,0,1.1,466.62806794360466,0.0,1,0,1570230.0
2021-03-10,1500.9999999999927,1570230.0,0.0,0,1.1,447.1941743070133,0.0,1,0,1570230.0
2021-03-11,1514.0,1569430.0,-0.0005094795030027299,-10,1.1,0.0,0.0,0,1,265370.0
2021-03-12,7410.0,1570540.0,0.0007072631464926094,0,1.0,50.41776607728261,0.0,1,0,1570540.0
2021-03-15,7480.0,1570540.0,0.0,0,1.0,4696.870923155534,0.0,1,0,1570540.0
2021-03-16,7360.0,1570540.0,0.0,0,1.0,8399.245262034574,0.0,1,0,1570540.0
2021-03-17,7420.0,1570540.0,0.0,0,1.0,11096.350191853398,0.0,1,0,1570540.0
2021-03-18,7420.0,1570340.0,-0.00012734473493192233,-10,1.0,0.0,0.0,0,1,306140.0
2021-03-19,7370.0,1570740.0,0.00025472190735764677,0,1.0,1113.8659900676098,0.0,1,0,1570740.0
2021-03-22,7390.0,1570740.0,0.0,0,1.0,1470.3871968042417,0.0,1,0,1570740.0
2021-03-23,7480.0,1569740.0,-0.0006366426015763649,-10,1.0,0.0,0.0,0,9,304140.0
2021-03-24,7450.0,1570040.0,0.00019111445207475874,-10,1.0,53.14705973259087,0.0,1,9,304140.0
2021-03-25,1583.9999999999927,1570540.0,0.00031846322386686055,-10,1.1,81.6710008017344,0.0,2,9,304140.0
2021-03-26,1588.9999999999927,1569940.0,-0.000382034204795767,-10,1.1,0.0,4562.368620514692,3,9,304140.0
2021-03-29,1571.9999999999927,1569940.0,0.0,-10,1.1,0.0,8158.55022394422,4,9,304140.0
2021-03-30,1584.9999999999927,1570240.0,0.00019109010535434123,-10,1.1,0.0,10881.381736927866,5,9,304140.0
2021-03-31,7320.0,1571340.0,0.0007005298553086625,-10,1.0,0.0,12763.02257606271,6,9,304140.0
2021-04-01,7230.0,1572240.0,0.0005727595555384823,-10,1.0,2613.366033499752,8902.10289527674,7,9,304140.0
2021-04-02,1508.0,1569840.0,-0.001526484506182313,-10,1.1,5181.299718479726,5104.322294542419,8,9,304140.0
2021-04-06,1362.0,1569740.0,-6.370075931305674e-05,0,1.1,2933.977024999208,6237.571029633321,9,0,1569740.0
2021-04-07,1438.9999999999927,1569740.0,0.0,0,1.1,567.8451769163064,7480.582038693269,9,0,1569740.0
2021-04-08,1410.9999999999927,1569740.0,0.0,0,1.1,0.0,8622.248307262593,9,0,1569740.0
2021-04-09,7330.0,1569740.0,0.0,0,1.0,0.0,9765.800684939004,9,0,1569740.0
2021-04-12,7320.0,1569740.0,0.0,0,1.0,2760.234608368804,5751.74957902209,9,0,1569740.0
2021-04-13,7290.0,1569740.0,0.0,0,1.0,5510.469216737608,1747.6984731051755,9,0,1569740.0
2021-04-14,1440.9999999999927,1569740.0,0.0,0,1.1,8220.022173326506,0.0,9,0,1569740.0
2021-04-15,7400.0,1569740.0,0.0,0,1.0,5088.393530071405,1870.085642459193,9,0,1569740.0
2021-04-16,7460.0,1569740.0,0.0,0,1.0,7052.692245708689,0.0,9,0,1569740.0
2021-04-19,7570.0,1569740.0,0.0,0,1.0,8268.909769163178,0.0,9,0,1569740.0
2021-04-20,1448.0,1569740.0,0.0,0,1.1,8843.988403013938,0.0,9,0,1569740.0
2021-04-21,1433.0,1569740.0,0.0,0,1.1,4005.577195038794,3673.8745063105675,9,0,1569740.0
2021-04-22,1423.0,1569740.0,0.0,0,1.1,0.0,6463.516700653127,9,0,1569740.0
2021-04-23,1361.0,1569740.0,0.0,0,1.1,0.0,8419.69047015455,9,0,1569740.0
2021-04-26,1361.0,1569740.0,0.0,0,1.1,0.0,10424.277054693928,9,0,1569740.0
2021-04-27,1420.0,1569740.0,0.0,0,1.1,0.0,11617.806777100735,9,0,1569740.0
2021-04-28,1347.0,1570990.0,0.0007963102169785685,10,1.1,0.0,0.0,0,1,138960.0
2021-04-29,1298.0,1571940.0,0.0006047142247882498,0,1.1,0.0,43.7675439063829,1,0,1571940.0
2021-04-30,1314.0,1571940.0,0.0,0,1.1,0.0,113.42207972328599,1,0,1571940.0
2021-05-06,1223.0,1571940.0,0.0,0,1.1,0.0,150.43745810448988,1,0,1571940.0
2021-05-07,1376.0,1571940.0,0.0,0,1.1,0.0,247.05144448697223,1,0,1571940.0
2021-05-10,1380.0,1571940.0,0.0,0,1.1,29.188320985356718,192.52547975804316,1,0,1571940.0
2021-05-11,1420.0,1571940.0,0.0,0,1.1,59.31711979556008,136.3685642825323,1,0,1571940.0
2021-05-12,1399.0,1571940.0,0.0,0,1.1,129.44591860576344,40.211648807021454,1,0,1571940.0
2021-05-13,1280.0,1571940.0,0.0,0,1.1,170.3092287656154,0.0,1,0,1571940.0
2021-05-14,1344.0,1571940.0,0.0,0,1.1,94.28377525098837,47.40311791394454,1,0,1571940.0
2021-05-17,1259.0,1571940.0,0.0,0,1.1,78.18176593789164,35.30110860084782,1,0,1571940.0
2021-05-18,1311.0,1571940.0,0.0,0,1.1,0.0,115.31003064612091,1,0,1571940.0
2021-05-19,1248.0,1571940.0,0.0,0,1.1,0.0,133.92656972108128,1,0,1571940.0
2021-05-20,1257.0,1571940.0,0.0,0,1.1,0.0,195.42595245124258,1,0,1571940.0
2021-05-21,1551.0,1573160.0,0.0007761110474955313,10,1.1,0.0,0.0,0,1,114230.0
2021-05-24,1548.0,1573730.0,0.00036232805309066585,0,1.1,208.20514449491935,0.0,1,0,1573730.0
2021-05-25,1445.0,1573730.0,0.0,0,1.1,369.6784948948652,0.0,1,0,1573730.0
2021-05-26,1446.0,1573730.0,0.0,0,1.1,413.0395947466522,0.0,1,0,1573730.0
2021-05-27,1496.0,1573730.0,0.0,0,1.1,432.3219469778547,0.0,1,0,1573730.0
2021-05-28,1509.0,1573730.0,0.0,0,1.1,475.68491075797846,0.0,1,0,1573730.0
2021-05-31,1537.0,1574200.0,0.0002986535174394067,-10,1.1,0.0,0.0,0,1,128770.0
2021-06-01,1582.0,1575000.0,0.0005081946385465663,0,1.1,23.422753203403673,0.0,1,0,1575000.0
2021-06-02,1597.0,1575000.0,0.0,0,1.1,86.13748866297173,0.0,1,0,1575000.0
2021-06-03,7950.0,1575000.0,0.0,0,1.0,155.09644773343967,0.0,1,0,1575000.0
2021-06-04,7730.0,1575000.0,0.0,0,1.0,5174.231632932534,0.0,1,0,1575000.0
2021-06-07,1397.0,1575000.0,0.0,0,1.1,8946.65071338925,0.0,1,0,1575000.0
2021-06-08,1361.0,1575000.0,0.0,0,1.1,6398.186927378668,1315.2504997037038,1,0,1575000.0
2021-06-09,1242.0,1575000.0,0.0,0,1.1,3831.8597763548064,2642.351920108413,1,0,1575000.0
2021-06-10,1297.0,1575000.0,0.0,0,1.1,1182.6828825776797,4040.317883474144,1,0,1575000.0
2021-06-11,-5030.0,1575000.0,0.0,0,1.2,0.0,5337.109330558689,1,0,1575000.0
2021-06-15,-4902.0,1575000.0,0.0,0,1.2,0.0,11754.726279947621,1,0,1575000.0
2021-06-16,-4762.0,1575000.0,0.0,0,1.2,0.0,16224.250458819226,1,0,1575000.0
2021-06-17,-4784.0,1577460.0,0.0015619047619046533,10,1.2,0.0,0.0,0,1,145700.0
2021-06-18,1359.0,1578060.0,0.00038035829751636996,0,1.1,0.0,1898.7574562313164,1,0,1578060.0
2021-06-21,1372.9999999999927,1578060.0,0.0,0,1.1,2924.97277356188,0.0,1,0,1578060.0
2021-06-22,1536.0,1578060.0,0.0,0,1.1,5840.582928164861,0.0,1,0,1578060.0
2021-06-23,1501.0,1578060.0,0.0,0,1.1,8876.45689710088,0.0,1,0,1578060.0
2021-06-24,1468.0,1578060.0,0.0,0,1.1,10948.103107306028,0.0,1,0,1578060.0
2021-06-25,1391.0,1578060.0,0.0,0,1.1,12138.775539897051,0.0,1,0,1578060.0
2021-06-28,1420.0,1576570.0,-0.0009441973055523967,-10,1.1,0.0,0.0,0,1,219170.0
2021-06-29,1435.0,1577800.0,0.0007801746830145007,0,1.1,0.0,1.9068076664681826,1,0,1577800.0
2021-06-30,1411.0,1577800.0,0.0,0,1.1,0.0,1.4283309270324374,1,0,1577800.0
2021-07-01,1314.0,1577800.0,0.0,0,1.1,0.0,31.67761829080757,1,0,1577800.0
2021-07-02,1325.0,1577800.0,0.0,0,1.1,0.0,125.77579770178282,1,0,1577800.0
2021-07-05,1265.0,1577800.0,0.0,0,1.1,0.0,184.2936704052056,1,0,1577800.0
2021-07-06,1372.0,1578280.0,0.0003042210673089851,10,1.1,0.0,0.0,0,1,205840.0
2021-07-07,1339.0,1577230.0,-0.0006652811921838975,0,1.1,0.0,0.0,1,0,1577230.0
2021-07-08,1288.0,1577230.0,0.0,0,1.1,0.0,0.8298459734667603,1,0,1577230.0
2021-07-09,1358.0,1577230.0,0.0,0,1.1,0.0,33.510634428868464,1,0,1577230.0
2021-07-12,1253.0,1577230.0,0.0,0,1.1,27.447516964600318,0.0,1,0,1577230.0
2021-07-13,7470.0,1577230.0,0.0,0,1.0,0.0,52.03245231261213,1,0,1577230.0
2021-07-14,7530.0,1577230.0,0.0,0,1.0,4812.302886390417,0.0,1,0,1577230.0
2021-07-15,7480.0,1577230.0,0.0,0,1.0,8652.183717622507,0.0,1,0,1577230.0
2021-07-16,1371.0,1577230.0,0.0,0,1.1,11511.344746600063,0.0,1,0,1577230.0
2021-07-19,1387.0,1577230.0,0.0,0,1.1,8257.776116039962,1933.0027980113268,1,0,1577230.0
2021-07-20,1426.0,1577230.0,0.0,0,1.1,5008.702626669164,3866.7864514976723,1,0,1577230.0
2021-07-21,1503.0,1577230.0,0.0,0,1.1,1790.7035309234507,5773.073070037674,1,0,1577230.0
2021-07-22,7510.0,1577230.0,0.0,0,1.0,0.0,7644.786618830849,1,0,1577230.0
2021-07-23,7640.0,1577230.0,0.0,0,1.0,2829.863823360732,3513.793299334438,1,0,1577230.0
2021-07-26,7620.0,1577230.0,0.0,0,1.0,5770.026662517548,0.0,1,0,1577230.0
2021-07-27,1051.0,1577230.0,0.0,0,1.1,8665.225169150588,0.0,1,0,1577230.0
2021-07-28,7610.0,1577230.0,0.0,0,1.0,5028.0418765190725,2299.959564511341,1,0,1577230.0
2021-07-29,7640.0,1577230.0,0.0,0,1.0,7058.725728926139,0.0,1,0,1577230.0
2021-07-30,7720.0,1577230.0,0.0,0,1.0,8284.373602736485,0.0,1,0,1577230.0
2021-08-02,7590.0,1577230.0,0.0,0,1.0,8822.969487212864,0.0,1,0,1577230.0
2021-08-03,7640.0,1577230.0,0.0,0,1.0,9219.214892684242,0.0,1,0,1577230.0
2021-08-04,7560.0,1577230.0,0.0,0,1.0,9665.46029815562,0.0,1,0,1577230.0
2021-08-05,7500.0,1577830.0,0.0003804137633700577,-10,1.0,0.0,0.0,0,1,262430.0
2021-08-06,7610.0,1577630.0,-0.00012675636792303102,0,1.0,0.0,94.69441777762171,1,0,1577630.0
2021-08-09,7620.0,1577630.0,0.0,0,1.0,0.0,79.38883555524342,1,0,1577630.0
2021-08-10,7660.0,1577630.0,0.0,0,1.0,0.6300857583934061,51.44749274220747,1,0,1577630.0
2021-08-11,7650.0,1577630.0,0.0,0,1.0,52.73459881538774,0.0,1,0,1577630.0
2021-08-12,7660.0,1577630.0,0.0,0,1.0,85.59769560439044,0.0,1,0,1577630.0
2021-08-13,7700.0,1577630.0,0.0,0,1.0,125.11388851711713,0.0,1,0,1577630.0
2021-08-16,7730.0,1577630.0,0.0,0,1.0,183.765993484335,0.0,1,0,1577630.0
2021-08-17,7790.0,1577630.0,0.0,-10,1.0,0.0,0.0,0,1,259130.0
2021-08-18,7770.0,1575530.0,-0.0013311105899355136,0,1.0,91.3266449948485,0.0,1,0,1575530.0
2021-08-19,7770.0,1575530.0,0.0,0,1.0,141.47522993237783,0.0,1,0,1575530.0
2021-08-20,7910.0,1575530.0,0.0,0,1.0,176.0027888178335,0.0,1,0,1575530.0
2021-08-23,13755.0,1575530.0,0.0,0,0.9,308.6398281036708,0.0,1,0,1575530.0
2021-08-24,13975.0,1575530.0,0.0,0,0.9,4979.511035654984,0.0,1,0,1575530.0
2021-08-25,13957.0,1575530.0,0.0,0,0.9,8833.229246596602,0.0,1,0,1575530.0
2021-08-26,13744.0,1575530.0,0.0,0,0.9,11721.27871250075,0.0,1,0,1575530.0
2021-08-27,13888.0,1575130.0,-0.0002538828203842991,-10,0.9,0.0,0.0,0,1,335810.0
2021-08-30,13997.0,1575510.0,0.00024124992857732508,0,0.9,1157.0963602589036,0.0,1,0,1575510.0
2021-08-31,7740.0,1575510.0,0.0,0,1.0,1669.6057408798504,0.0,1,0,1575510.0
2021-09-01,7530.0,1575510.0,0.0,0,1.0,0.0,4802.957062914258,1,0,1575510.0
2021-09-02,7640.0,1575510.0,0.0,0,1.0,0.0,8778.730832599073,1,0,1575510.0
2021-09-03,7590.0,1575510.0,0.0,0,1.0,0.0,11682.946194099279,1,0,1575510.0
2021-09-06,7750.0,1578010.0,0.0015867877703092947,10,1.0,0.0,0.0,0,1,265510.0
2021-09-07,7570.0,1578010.0,0.0,0,1.0,0.0,1083.5433204658898,1,0,1578010.0
2021-09-08,7670.0,1578010.0,0.0,0,1.0,0.0,1577.7451652196794,1,0,1578010.0
2021-09-09,7710.0,1577710.0,-0.00019011286367009994,10,1.0,0.0,0.0,0,4,281810.0
2021-09-10,14046.0,1578810.0,0.000697213049293044,10,0.9,57.07891795849305,0.0,1,4,281810.0
2021-09-13,7830.0,1578910.0,6.333884381271027e-05,10,1.0,5051.799509472401,0.0,2,4,281810.0
2021-09-14,7730.0,1577910.0,-0.0006333483225769987,10,1.0,3805.6012095294245,284.0874143427373,3,4,281810.0
2021-09-15,1588.0,1578110.0,0.0001267499413781792,0,1.1,2441.240163686522,690.0120827855487,4,0,1578110.0
2021-09-16,1560.0,1578110.0,0.0,0,1.1,0.0,6117.353393724483,4,0,1578110.0
2021-09-17,1642.0,1578110.0,0.0,0,1.1,0.0,10574.9691154109,4,0,1578110.0
2021-09-22,1999.0,1578110.0,0.0,0,1.1,0.0,14009.411030268293,4,0,1578110.0
2021-09-23,8060.0,1578110.0,0.0,0,1.0,0.0,16240.946961143893,4,0,1578110.0
2021-09-24,8140.0,1578110.0,0.0,0,1.0,3054.6871251000216,11863.919800529628,4,0,1578110.0
2021-09-27,14019.0,1578110.0,0.0,0,0.9,6133.872396198005,7439.9622144847535,4,0,1578110.0
2021-09-28,14015.0,1578110.0,0.0,0,0.9,13887.080250877665,0.0,4,0,1578110.0
2021-09-29,13739.0,1578110.0,0.0,0,0.9,19731.832348000895,0.0,4,0,1578110.0
2021-09-30,13887.0,1577120.0,-0.0006273326954394642,-10,0.9,0.0,0.0,0,1,346190.0
2021-10-08,7840.0,1574750.0,-0.001502739170132883,0,1.0,2403.071926862937,0.0,1,0,1574750.0
2021-10-11,14406.0,1574750.0,0.0,0,0.9,0.0,2914.2670198845817,1,0,1574750.0
2021-10-12,7920.0,1574750.0,0.0,0,1.0,1524.2654164102478,211.1038648662569,1,0,1574750.0
2021-10-13,7860.0,1574750.0,0.0,0,1.0,0.0,3952.038863568328,1,0,1574750.0
2021-10-14,7810.0,1574750.0,0.0,0,1.0,0.0,6815.551606404105,1,0,1574750.0
2021-10-15,7670.0,1574750.0,0.0,0,1.0,0.0,8841.046814222651,1,0,1574750.0
2021-10-18,8070.0,1574750.0,0.0,0,1.0,0.0,10180.301798922574,1,0,1574750.0
2021-10-19,8080.0,1578350.0,0.0022860771551040937,10,1.0,0.0,0.0,0,1,141750.0
2021-10-20,7720.0,1577950.0,-0.0002534292140526917,0,1.0,0.0,258.33390579353096,1,0,1577950.0
2021-10-21,7640.0,1577950.0,0.0,0,1.0,0.0,382.15551433667156,1,0,1577950.0
2021-10-22,7490.0,1577950.0,0.0,0,1.0,0.0,541.8169288225856,1,0,1577950.0
2021-10-25,7690.0,1577950.0,0.0,0,1.0,0.0,790.3763774475713,1,0,1577950.0
2021-10-26,7810.0,1577950.0,0.0,0,1.0,0.0,821.3565279054011,1,0,1577950.0
2021-10-27,8290.0,1577950.0,0.0,0,1.0,0.0,753.0881330456674,1,0,1577950.0
2021-10-28,7890.0,1577950.0,0.0,0,1.0,417.6760556899589,225.04990302134007,1,0,1577950.0
2021-10-29,8180.0,1577950.0,0.0,0,1.0,466.8298824481767,74.20372977955782,1,0,1577950.0
2021-11-01,8000.0,1577950.0,0.0,0,1.0,733.1057453537778,0.0,1,0,1577950.0
2021-11-02,7970.0,1577950.0,0.0,0,1.0,770.5527292661416,0.0,1,0,1577950.0
2021-11-03,8110.0,1577950.0,0.0,0,1.0,723.4000210777458,0.0,1,0,1577950.0
2021-11-04,8060.0,1579350.0,0.0008872270984505715,-10,1.0,0.0,0.0,0,1,239950.0
2021-11-05,8090.0,1577450.0,-0.0012030265615601277,0,1.0,0.0,0.0,1,0,1577450.0
2021-11-08,8030.0,1577450.0,0.0,0,1.0,27.76196326205129,0.0,1,0,1577450.0
2021-11-09,14372.0,1577450.0,0.0,0,0.9,0.0,18.634424611824667,1,0,1577450.0
2021-11-10,14350.0,1577450.0,0.0,0,0.9,4946.069337219081,0.0,1,0,1577450.0
2021-11-11,20564.0,1577450.0,0.0,0,0.8,8825.735845757092,0.0,1,0,1577450.0
2021-11-12,20618.0,1577450.0,0.0,0,0.8,16751.622306932662,0.0,1,0,1577450.0
2021-11-15,14337.0,1579570.0,0.0013439411708771054,-10,0.9,0.0,0.0,0,1,374310.0
2021-11-16,14290.0,1579010.0,-0.00035452686490622387,0,0.9,0.0,0.0,1,0,1579010.0
2021-11-17,8090.0,1579010.0,0.0,0,1.0,0.0,66.92313659044476,1,0,1579010.0
2021-11-18,8170.0,1579010.0,0.0,0,1.0,0.0,6345.73428283433,1,0,1579010.0
2021-11-19,7580.0,1579010.0,0.0,0,1.0,0.0,11503.840718676982,1,0,1579010.0
2021-11-22,13930.0,1579010.0,0.0,0,0.9,0.0,16163.5254450017,1,0,1579010.0
2021-11-23,13932.0,1579010.0,0.0,0,0.9,543.9662583668348,13708.920274797107,1,0,1579010.0
2021-11-24,20348.0,1579010.0,0.0,0,0.8,2338.4209344677743,10590.517808040904,1,0,1579010.0
2021-11-25,20450.0,1579010.0,0.0,0,0.8,9417.24877635204,1641.917078496597,1,0,1579010.0
2021-11-26,20136.0,1579010.0,0.0,0,0.8,15534.270076394889,0.0,1,0,1579010.0
2021-11-29,20334.0,1579010.0,0.0,0,0.8,19613.689217229206,0.0,1,0,1579010.0
2021-11-30,20066.0,1583010.0,0.0025332328484304334,-10,0.8,0.0,0.0,0,1,375470.0
2021-12-01,20194.0,1582890.0,-7.580495385373087e-05,0,0.8,990.5676085067126,0.0,1,0,1582890.0
2021-12-02,19986.0,1582890.0,0.0,0,0.8,1354.4480601122364,0.0,1,0,1582890.0
2021-12-03,14002.0,1582190.0,-0.0004422290873022927,-10,0.9,0.0,0.0,0,1,407230.0
2021-12-06,13982.0,1582250.0,3.7922120605049514e-05,0,0.9,0.0,4838.564107707489,1,0,1582250.0
2021-12-07,13962.0,1582250.0,0.0,0,0.9,0.0,8641.594675044284,1,0,1582250.0
2021-12-08,14058.0,1582250.0,0.0,0,0.9,0.0,11524.10024606814,1,0,1582250.0
2021-12-09,14063.0,1581460.0,-0.0004992889872017514,10,0.9,0.0,0.0,0,1,333470.0
2021-12-10,14045.0,1580480.0,-0.0006196805483540402,0,0.9,0.0,1093.3882881373488,1,0,1580480.0
2021-12-13,14022.0,1580480.0,0.0,0,0.9,0.0,1468.3763539787215,1,0,1580480.0
2021-12-14,13992.0,1581380.0,0.0005694472565296316,10,0.9,0.0,0.0,0,9,334100.0
2021-12-15,13838.0,1579840.0,-0.0009738329813201441,10,0.9,0.0,17.765521210109682,1,9,334100.0
2021-12-16,14005.0,1581510.0,0.0010570690702855767,10,0.9,0.0,161.08922179246326,2,9,334100.0
2021-12-17,14020.0,1581660.0,9.484606483667335e-05,10,0.9,0.0,143.86162382247687,3,9,334100.0
2021-12-20,7680.0,1579080.0,-0.0016311976025188413,10,1.0,7.270319331428029,106.84622886819113,4,9,334100.0
2021-12-21,7760.0,1580530.0,0.0009182561998124505,10,1.0,0.0,5035.884525304198,5,9,334100.0
2021-12-22,7660.0,1580090.0,-0.0002783876294660814,10,1.0,0.0,8853.413304341291,6,9,334100.0
2021-12-23,7610.0,1580130.0,2.531501370173217e-05,10,1.0,0.0,11802.941204545072,7,9,334100.0
2021-12-24,13806.0,1579520.0,-0.0003860441862378883,10,0.9,0.0,13889.331546204354,8,9,334100.0
2021-12-27,13721.0,1580530.0,0.0006394347649918419,0,0.9,2772.918522367118,9776.250068571471,9,0,1580530.0
2021-12-28,13777.0,1580530.0,0.0,0,0.9,5511.430076309556,5717.618765371051,9,0,1580530.0
2021-12-29,13824.0,1580530.0,0.0,0,0.9,8349.535071037473,1577.152331527541,9,0,1580530.0
2021-12-30,13643.0,1580530.0,0.0,0,0.9,10355.328253881276,0.0,9,0,1580530.0
2021-12-31,20076.0,1580530.0,0.0,0,0.8,11395.171125773044,0.0,9,0,1580530.0
2022-01-04,19946.0,1581290.0,0.000480851359986767,-10,0.8,0.0,0.0,0,1,370550.0
2022-01-05,19950.0,1582390.0,0.0006956345768327488,0,0.8,3793.3779877255943,0.0,1,0,1582390.0
2022-01-06,19874.0,1582390.0,0.0,0,0.8,6655.570544389495,0.0,1,0,1582390.0
2022-01-07,19952.0,1582390.0,0.0,0,0.8,8566.553443525312,0.0,1,0,1582390.0
2022-01-10,19956.0,1582390.0,0.0,0,0.8,9730.027819600606,0.0,1,0,1582390.0
2022-01-11,13713.0,1583070.0,0.00042972971264987336,-10,0.9,0.0,0.0,0,1,386830.0
2022-01-12,14083.0,1582210.0,-0.0005432482454976739,0,0.9,0.0,4881.411265549114,1,0,1582210.0
2022-01-13,7610.0,1582210.0,0.0,0,1.0,0.0,8419.359041755264,1,0,1582210.0
2022-01-14,1295.0,1582210.0,0.0,0,1.1,0.0,16292.34945259382,1,0,1582210.0
2022-01-17,1462.0,1582210.0,0.0,0,1.1,0.0,27349.053888645398,1,0,1582210.0
2022-01-18,1537.0,1580060.0,-0.0013588588114094025,10,1.1,0.0,0.0,0,1,203330.0
2022-01-19,1556.0,1579950.0,-6.961760945789486e-05,0,1.1,0.0,5479.0704675418065,1,0,1579950.0
2022-01-20,1462.0,1579950.0,0.0,0,1.1,0.0,8634.312046231891,1,0,1579950.0
2022-01-21,1462.0,1579950.0,0.0,0,1.1,0.0,10326.62746575987,1,0,1579950.0
2022-01-24,1444.0,1579210.0,-0.00046836925219151393,10,1.1,0.0,0.0,0,1,169530.0
2022-01-25,1546.0,1579890.0,0.0004305950443577178,0,1.1,0.0,0.0,1,0,1579890.0
2022-01-26,1694.0,1579890.0,0.0,0,1.1,40.78432814195581,0.0,1,0,1579890.0
2022-01-27,1327.0,1579890.0,0.0,0,1.1,188.8442035857,0.0,1,0,1579890.0
2022-01-28,1320.0,1579890.0,0.0,0,1.1,0.0,148.78985499486498,1,0,1579890.0
2022-02-07,7540.0,1579890.0,0.0,0,1.0,0.0,268.03071422244534,1,0,1579890.0
2022-02-08,7640.0,1579890.0,0.0,0,1.0,4746.803385440683,0.0,1,0,1579890.0
2022-02-09,7640.0,1579890.0,0.0,0,1.0,8572.741947173003,0.0,1,0,1579890.0
2022-02-10,7910.0,1579890.0,0.0,0,1.0,11455.355506118649,0.0,1,0,1579890.0
2022-02-11,1289.0,1581190.0,0.0008228420966016614,-10,1.1,0.0,0.0,0,1,191490.0
2022-02-14,1367.0,1582390.0,0.0007589220776755834,0,1.1,0.0,2981.876324718418,1,0,1582390.0
2022-02-15,1364.0,1582390.0,0.0,0,1.1,0.0,5892.880432573963,1,0,1582390.0
2022-02-16,1253.0,1582390.0,0.0,0,1.1,0.0,8814.733259348213,1,0,1582390.0
2022-02-17,1288.0,1582390.0,0.0,0,1.1,0.0,10942.148323766956,1,0,1582390.0
2022-02-18,1347.0,1582390.0,0.0,0,1.1,0.0,12181.91080240154,1,0,1582390.0
2022-02-21,1423.0,1584090.0,0.0010743242816246834,10,1.1,0.0,0.0,0,1,164720.0
2022-02-22,1548.0,1584570.0,0.0003030130863777014,0,1.1,78.23168094699446,0.0,1,0,1584570.0
2022-02-23,1574.0,1584570.0,0.0,0,1.1,236.99976303258285,0.0,1,0,1584570.0
2022-02-24,1692.0,1584570.0,0.0,0,1.1,386.8023706173146,0.0,1,0,1584570.0
2022-02-25,1203.0,1584570.0,0.0,0,1.1,599.7296864693249,0.0,1,0,1584570.0
2022-02-28,1591.0,1584570.0,0.0,0,1.1,328.6750753003877,201.51681740249126,1,0,1584570.0
2022-03-01,7780.0,1584570.0,0.0,0,1.0,403.6028293970675,59.58742864202842,1,0,1584570.0
2022-03-02,7750.0,1584570.0,0.0,0,1.0,5306.667359875368,0.0,1,0,1584570.0
2022-03-03,7280.0,1584570.0,0.0,0,1.0,9141.18399465482,0.0,1,0,1584570.0
2022-03-04,19410.0,1584570.0,0.0,0,0.8,11644.518015857826,0.0,1,0,1584570.0
2022-03-07,34108.0,1584570.0,0.0,0,0.6,23102.797589342863,0.0,1,0,1584570.0
2022-03-08,27086.0,1584570.0,0.0,0,0.7,43564.80136524603,0.0,1,0,1584570.0
2022-03-09,27073.0,1584710.0,8.835204503432337e-05,-10,0.7,0.0,0.0,0,1,417840.0
2022-03-10,26937.0,1585680.0,0.0006120993746490111,0,0.7,6199.089161356116,0.0,1,0,1585680.0
2022-03-11,27056.0,1585680.0,0.0,0,0.7,9682.612073796732,0.0,1,0,1585680.0
2022-03-14,26882.0,1585680.0,0.0,0,0.7,10890.976712353833,0.0,1,0,1585680.0
2022-03-15,26889.0,1585680.0,0.0,0,0.7,9987.911163254903,0.0,1,0,1585680.0
2022-03-16,27157.0,1585680.0,0.0,0,0.7,8333.919059738204,576.8650393404462,1,0,1585680.0
2022-03-17,27044.0,1583470.0,-0.0013937238282629716,-10,0.7,0.0,0.0,0,19,411510.0
2022-03-18,27099.0,1582920.0,-0.00034733844026091365,-10,0.7,17.74552894528664,0.0,1,19,411510.0
2022-03-21,27177.0,1582140.0,-0.0004927602152983157,-10,0.7,86.13162817884702,0.0,2,19,411510.0
2022-03-22,27228.0,1581630.0,-0.0003223482119154575,-10,0.7,196.05371366063613,0.0,3,19,411510.0
2022-03-23,27148.0,1582430.0,0.0005058073000638874,-10,0.7,328.53693090295656,0.0,4,19,411510.0
2022-03-24,27016.0,1583750.0,0.0008341601208268212,-10,0.7,348.1357404583991,0.0,5,19,411510.0
2022-03-25,27213.0,1581780.0,-0.0012438831886345536,-10,0.7,224.94211209657243,93.09208592389074,6,19,411510.0
2022-03-28,20532.0,1583080.0,0.0008218589184336711,-10,0.8,289.398674243902,0.0,7,19,411510.0
2022-03-29,20634.0,1581400.0,-0.0010612224271673298,-10,0.8,0.0,5169.614249473385,8,19,411510.0
2022-03-30,20602.0,1580880.0,-0.00032882256228661255,-10,0.8,0.0,9172.22651914431,9,19,411510.0
2022-03-31,20648.0,1581590.0,0.00044911694752292064,-10,0.8,0.0,12207.569195374366,10,19,411510.0
2022-04-01,20696.0,1581370.0,-0.00013910052542065454,-10,0.8,0.0,14261.2390009901,11,19,411510.0
2022-04-06,20672.0,1580880.0,-0.0003098579080165198,-10,0.8,0.0,15408.780721597128,12,19,411510.0
2022-04-07,20666.0,1581320.0,0.0002783259956480322,-10,0.8,0.0,15810.09025554418,13,19,411510.0
2022-04-08,20744.0,1580200.0,-0.0007082690410542547,-10,0.8,19.35702770057507,15768.875854673328,14,19,411510.0
2022-04-11,20654.0,1581650.0,0.0009176053664092798,-10,0.8,88.24147322850189,15681.760300201255,15,19,411510.0
2022-04-12,20782.0,1580380.0,-0.0008029589352891442,-10,0.8,64.61816163663308,15687.851274323668,16,19,411510.0
2022-04-13,27550.0,1578410.0,-0.0012465356433263297,-10,0.7,141.97045257231392,15590.346422402205,17,19,411510.0
2022-04-14,21100.0,1576560.0,-0.001172065559645441,-10,0.8,5493.682307933848,9203.201134906594,18,19,411510.0
2022-04-15,21330.0,1578130.0,0.0009958390419648744,0,0.8,4341.918548492216,9328.00880403639,19,0,1578130.0
2022-04-18,7990.0,1578130.0,0.0,0,1.0,3332.899272206567,9323.560956322168,19,0,1578130.0
2022-04-19,1131.0,1578130.0,0.0,0,1.1,0.0,20183.634011794158,19,0,1578130.0
2022-04-20,-5404.0,1578130.0,0.0,0,1.2,0.0,34433.393469346825,19,0,1578130.0
2022-04-21,-5320.0,1577930.0,-0.000126732271739316,10,1.2,0.0,0.0,0,1,42330.0
2022-04-22,-5534.0,1575250.0,-0.001698427686906312,0,1.2,0.0,12363.086316008168,1,0,1575250.0
2022-04-25,-12226.0,1575250.0,0.0,0,1.3,0.0,20523.042427700962,1,0,1575250.0
2022-04-26,-11799.0,1575250.0,0.0,0,1.3,0.0,30783.354076668118,1,0,1575250.0
2022-04-27,-4944.0,1578550.0,0.0020949055705443698,10,1.2,0.0,0.0,0,1,845350.0
2022-04-28,1556.0,1576350.0,-0.0013936840771594516,0,1.1,443.41635033251,0.0,1,0,1576350.0
2022-04-29,8000.0,1576350.0,0.0,0,1.0,7302.76750004534,0.0,1,0,1576350.0
2022-05-05,8100.0,1576350.0,0.0,0,1.0,18194.579204011796,0.0,1,0,1576350.0
2022-05-06,14666.0,1576350.0,0.0,0,0.9,26997.87537814656,0.0,1,0,1576350.0
2022-05-09,14587.0,1576350.0,0.0,0,0.9,39089.40213326845,0.0,1,0,1576350.0
2022-05-10,14570.0,1577080.0,0.00046309512481368387,-10,0.9,0.0,0.0,0,1,304380.0
2022-05-11,14664.0,1576150.0,-0.0005896974154766532,0,0.9,4987.958800847449,0.0,1,0,1576150.0
2022-05-12,14648.0,1576150.0,0.0,0,0.9,7744.921051912937,0.0,1,0,1576150.0
2022-05-13,14576.0,1576150.0,0.0,0,0.9,9003.145986695296,0.0,1,0,1576150.0
2022-05-16,14570.0,1576150.0,0.0,0,0.9,9399.0379959341,0.0,1,0,1576150.0
2022-05-17,14685.0,1577460.0,0.0008311391682263025,-10,0.9,0.0,0.0,0,51,289310.0
2022-05-18,14496.0,1579350.0,0.0011981286371762767,-10,0.9,60.80085086675783,0.0,1,51,289310.0
2022-05-19,20938.0,1578170.0,-0.0007471428119163459,-10,0.8,0.0,91.91773548774819,2,51,289310.0
2022-05-20,14516.0,1579150.0,0.0006209723920742594,-10,0.9,4948.204887242988,0.0,3,51,289310.0
2022-05-23,14531.0,1579000.0,-9.498780989769529e-05,-10,0.9,3493.6801471342524,493.1895456055506,4,51,289310.0
2022-05-24,14440.0,1579910.0,0.0005763141228625202,-10,0.9,2069.424378893156,953.2194916501678,5,51,289310.0
2022-05-25,14137.0,1582940.0,0.0019178307625118407,-10,0.9,571.8037287613208,1483.0274129469053,6,51,289310.0
2022-05-26,20376.0,1583930.0,0.0006254185250229582,-10,0.8,0.0,2247.6410322558504,7,51,289310.0
2022-05-27,20596.0,1582480.0,-0.0009154444956531727,-10,0.8,3561.410364666892,0.0,8,51,289310.0
2022-05-30,26968.0,1583150.0,0.00042338607754910385,-10,0.7,6413.730287061801,0.0,9,51,289310.0
2022-05-31,33462.0,1582980.0,-0.00010738085462524971,-10,0.6,14462.347199668213,0.0,10,51,289310.0
2022-06-01,33308.0,1582690.0,-0.00018319877699024545,-10,0.6,25813.61984788359,0.0,11,51,289310.0
2022-06-02,33460.0,1583060.0,0.0002337791987059301,-10,0.6,34171.74589159143,0.0,12,51,289310.0
2022-06-06,33620.0,1583410.0,0.00022109079883270155,-10,0.6,40023.223014768206,0.0,13,51,289310.0
2022-06-07,33472.0,1584530.0,0.0007073341711874015,-10,0.6,43581.50933649723,0.0,14,51,289310.0
2022-06-08,33676.0,1583120.0,-0.0008898537736742318,-10,0.6,45341.353188099296,0.0,15,51,289310.0
2022-06-09,27156.0,1583190.0,4.4216483905179516e-05,-10,0.7,45956.45346298608,0.0,16,51,289310.0
2022-06-10,27255.0,1581460.0,-0.0010927304998136211,-10,0.7,40038.89087058499,4957.294550456055,17,51,289310.0
2022-06-13,20632.0,1581850.0,0.0002466075651612609,-10,0.8,34971.709989900824,8793.54224120047,18,51,289310.0
2022-06-14,20650.0,1581460.0,-0.0002465467648639086,-10,0.8,24694.769682122056,17044.316219135984,19,51,289310.0
2022-06-15,20590.0,1581010.0,-0.0002845471905706942,-10,0.8,16114.7502228126,23296.01104554081,20,51,289310.0
2022-06-16,20620.0,1580510.0,-0.0003162535341332262,-10,0.8,9333.912324391467,27744.03028997682,21,51,289310.0
2022-06-17,20444.0,1581490.0,0.0006200530208604338,-10,0.8,4556.411083956844,30463.386192399343,22,51,289310.0
2022-06-20,20040.0,1583860.0,0.0014985867757622007,-10,0.8,1876.2208763452913,31851.48169907351,23,51,289310.0
2022-06-21,13967.0,1584640.0,0.0004924677686160006,-10,0.9,0.0,32760.31636793104,24,51,289310.0
2022-06-22,13834.0,1585970.0,0.0008393073505654769,-10,0.9,0.0,37861.1883599699,25,51,289310.0
2022-06-23,13459.0,1589720.0,0.002364483565262976,-10,0.9,0.0,41976.96087295947,26,51,289310.0
2022-06-24,7260.0,1595530.0,0.003654731650856835,-10,1.0,0.0,45368.100743709925,27,51,289310.0
2022-06-27,7330.0,1594590.0,-0.0005891459264319998,-10,1.0,0.0,52774.43015038968,28,51,289310.0
2022-06-28,7540.0,1591560.0,-0.0019001749666058831,-10,1.0,0.0,58148.60831914083,29,51,289310.0
2022-06-29,7380.0,1594420.0,0.0017969790645655515,-10,1.0,0.0,61567.58048512297,30,51,289310.0
2022-06-30,1721.9999999999927,1594130.0,-0.00018188432157151269,-10,1.1,0.0,63615.089332555166,31,51,289310.0
2022-07-01,1701.9999999999927,1598330.0,0.0026346659306331066,-10,1.1,0.0,69421.41261467972,32,51,289310.0
2022-07-04,1633.9999999999927,1600650.0,0.0014515150188008086,-10,1.1,0.0,73541.6420963562,33,51,289310.0
2022-07-05,1479.9999999999927,1602910.0,0.0014119264048979563,-10,1.1,0.0,76237.22490867977,34,51,289310.0
2022-07-06,1299.9999999999927,1608910.0,0.003743192069423751,-10,1.1,0.0,78251.3324460159,35,51,289310.0
2022-07-07,-3844.0,1606540.0,-0.0014730469696875303,-10,1.2,0.0,79626.634266893,36,51,289310.0
2022-07-08,-3920.0,1606310.0,-0.000143164813823482,-10,1.2,0.0,84446.53298860055,37,51,289310.0
2022-07-11,-3908.0,1607420.0,0.000691024771059201,-10,1.2,0.0,87844.4732269832,38,51,289310.0
2022-07-12,-3652.0,1608400.0,0.0006096726431175092,-10,1.2,0.0,90378.80214156413,39,51,289310.0
2022-07-13,-3478.0,1610320.0,0.0011937329022631005,-10,1.2,0.0,91904.78823006726,40,51,289310.0
2022-07-14,-3566.0,1612430.0,0.0013102985741964002,-10,1.2,0.0,92590.23065469663,41,51,289310.0
2022-07-15,-3472.0,1616650.0,0.0026171678770552376,-10,1.2,0.0,92764.88405528611,42,51,289310.0
2022-07-18,-3574.0,1610140.0,-0.004026845637583931,-10,1.2,179.9812466958165,92506.00815912479,43,51,289310.0
2022-07-19,-3442.0,1610050.0,-5.589576061704182e-05,-10,1.2,221.110340116423,92389.4229668311,44,51,289310.0
2022-07-20,1487.9999999999927,1608790.0,-0.0007825843917890207,-10,1.1,331.6436960985383,92214.81346567035,45,51,289310.0
2022-07-21,1487.9999999999927,1609990.0,0.0007459021997899828,-10,1.1,4253.702037317705,87533.44323546096,46,51,289310.0
2022-07-22,1412.9999999999927,1609240.0,-0.0004658414027416402,-10,1.1,7333.6295679659415,83478.51362325206,47,51,289310.0
2022-07-25,1305.9999999999927,1609970.0,0.000453630285103479,-10,1.1,9595.227115682685,80152.68259954025,48,51,289310.0
2022-07-26,1370.9999999999927,1606020.0,-0.002453461865749018,-10,1.1,11059.796418662036,77635.82333109103,49,51,289310.0
2022-07-27,1156.9999999999927,1608680.0,0.0016562682905567616,-10,1.1,11943.163416929698,75791.4760436444,50,51,289310.0
2022-07-28,1282.9999999999927,1606450.0,-0.0013862297038566007,0,1.1,12052.647994302157,74952.96062101687,51,0,1606450.0
2022-07-29,1623.9999999999927,1606280.0,-0.00010582339942111219,-10,1.1,0.0,0.0,0,25,430320.0
2022-08-01,1681.9999999999927,1605700.0,-0.00036108275020541036,-10,1.1,216.356894068344,0.0,1,25,430320.0
2022-08-02,1619.9999999999927,1606320.0,0.0003861244317120427,-10,1.1,455.6109468802209,0.0,2,25,430320.0
2022-08-03,1578.9999999999927,1606730.0,0.0002552417949102104,-10,1.1,599.9023990819614,0.0,3,25,430320.0
2022-08-04,1626.9999999999927,1606250.0,-0.0002987434105294895,-10,1.1,664.7172655410051,0.0,4,25,430320.0
2022-08-05,1492.9999999999927,1607590.0,0.0008342412451360914,-10,1.1,740.6665802980725,0.0,5,25,430320.0
2022-08-08,1309.9999999999927,1609420.0,0.0011383499524131313,-10,1.1,648.4702202166354,38.37506848999134,6,25,430320.0
2022-08-09,1412.9999999999927,1608390.0,-0.0006399821053547639,-10,1.1,371.24259250903697,265.4331550681071,7,25,430320.0
2022-08-10,1419.9999999999927,1608320.0,-4.352178265221163e-05,-10,1.1,225.60377371640527,357.7943362754754,8,25,430320.0
2022-08-11,1551.9999999999927,1607000.0,-0.0008207321925984834,-10,1.1,126.99325000314369,408.32666970507114,9,25,430320.0
2022-08-12,1439.9999999999927,1608120.0,0.000696950840074706,-10,1.1,171.98708803410676,319.03479345031997,10,25,430320.0
2022-08-15,1474.9999999999927,1607770.0,-0.0002176454493445501,-10,1.1,126.33505020084036,323.3827556170536,11,25,430320.0
2022-08-16,1429.9999999999927,1608220.0,0.00027989078039758475,-10,1.1,142.87667880407523,276.4958127917169,12,25,430320.0
2022-08-17,1448.9999999999927,1608030.0,-0.00011814304013135768,-10,1.1,124.06066776263286,266.25123032170296,13,25,430320.0
2022-08-18,1472.9999999999927,1607790.0,-0.0001492509468107306,-10,1.1,109.36834042754094,261.84461727232525,14,25,430320.0
2022-08-19,6870.0,1608930.0,0.0007090478234097475,-10,1.0,110.77432927777441,242.6791775511303,15,25,430320.0
2022-08-22,7060.0,1607630.0,-0.0008079904035601659,-10,1.0,4331.1951957572255,0.0,16,25,430320.0
2022-08-23,1516.9999999999927,1607350.0,-0.00017416942953296655,-10,1.1,7825.05351050448,0.0,17,25,430320.0
2022-08-24,1280.9999999999927,1609710.0,0.0014682552026628048,-10,1.1,5766.397721817296,985.6299255985333,18,25,430320.0
2022-08-25,1356.9999999999927,1608950.0,-0.000472134732343088,-10,1.1,3495.499812903324,2175.589159541708,19,25,430320.0
2022-08-26,978.9999999999927,1612730.0,0.0023493582771372257,-10,1.1,1309.5802493762847,3277.6695960146735,20,25,430320.0
2022-08-29,6760.0,1610710.0,-0.0012525345222076378,-10,1.0,0.0,4680.562097147109,21,25,430320.0
2022-08-30,6950.0,1608270.0,-0.0015148599065009094,-10,1.0,2469.681545342062,1008.5293567748763,22,25,430320.0
2022-08-31,7010.0,1607470.0,-0.0004974289142992694,-10,1.0,5115.088937703293,0.0,23,25,430320.0
2022-09-01,6900.0,1607300.0,-0.00010575625050546211,-10,1.0,7829.48410351724,0.0,24,25,430320.0
2022-09-02,6870.0,1606160.0,-0.0007092639830772463,0,1.0,9657.147507797108,0.0,25,0,1606160.0
2022-09-05,7100.0,1606160.0,0.0,0,1.0,10706.465006117278,0.0,25,0,1606160.0
2022-09-06,7160.0,1605360.0,-0.0004980823828261149,-10,1.0,0.0,0.0,0,1,469360.0
2022-09-07,7000.0,1605760.0,0.00024916529625751416,0,1.0,168.17383926771896,0.0,1,0,1605760.0
2022-09-08,7170.0,1605760.0,0.0,0,1.0,148.7720299531365,0.0,1,0,1605760.0
2022-09-09,7230.0,1605760.0,0.0,0,1.0,264.9392793775105,0.0,1,0,1605760.0
2022-09-13,7100.0,1605760.0,0.0,0,1.0,405.4767149778197,0.0,1,0,1605760.0
2022-09-14,7010.0,1605760.0,0.0,0,1.0,391.31062303063055,0.0,1,0,1605760.0
2022-09-15,7230.0,1605760.0,0.0,0,1.0,274.418810418204,83.10818738757342,1,0,1605760.0
2022-09-16,7280.0,1605760.0,0.0,0,1.0,356.75362819351426,0.0,1,0,1605760.0
2022-09-19,7150.0,1606960.0,0.0007473096851335903,-10,1.0,0.0,0.0,0,1,436260.0
2022-09-20,7130.0,1607260.0,0.00018668790760201226,0,1.0,0.0,0.0,1,0,1607260.0
2022-09-21,1456.9999999999927,1607260.0,0.0,0,1.1,0.0,12.937904542145805,1,0,1607260.0
2022-09-22,1511.9999999999927,1607260.0,0.0,0,1.1,0.0,4461.947237660723,1,0,1607260.0
2022-09-23,1679.9999999999927,1607260.0,0.0,0,1.1,0.0,7934.2371037438725,1,0,1607260.0
2022-09-26,7220.0,1607260.0,0.0,0,1.0,0.0,10427.228328973179,1,0,1607260.0
2022-09-27,7160.0,1607260.0,0.0,0,1.0,1840.6901307426215,7379.0613168586515,1,0,1607260.0
2022-09-28,7190.0,1607260.0,0.0,0,1.0,3641.782330063028,4377.010659036194,1,0,1607260.0
2022-09-29,7220.0,1607260.0,0.0,0,1.0,5466.091509428522,1349.6055526873965,1,0,1607260.0
2022-09-30,7180.0,1607260.0,0.0,0,1.0,7305.150066350913,0.0,1,0,1607260.0
2022-10-10,7290.0,1607260.0,0.0,0,1.0,8344.167085227837,0.0,1,0,1607260.0
2022-10-11,12752.0,1608060.0,0.0004977414979530081,-10,0.9,0.0,0.0,0,1,440460.0
2022-10-12,7420.0,1607660.0,-0.00024874693730336794,0,1.0,4331.267151223795,0.0,1,0,1607660.0
2022-10-13,7420.0,1607660.0,0.0,0,1.0,3304.1834568680274,193.48773421566182,1,0,1607660.0
2022-10-14,7540.0,1607660.0,0.0,0,1.0,2243.1247953485977,427.2862155533752,1,0,1607660.0
2022-10-17,7480.0,1607660.0,0.0,0,1.0,1256.1901986140426,595.2087616759634,1,0,1607660.0
2022-10-18,7300.0,1607660.0,0.0,0,1.0,175.4533052848326,863.6147254896102,1,0,1607660.0
2022-10-19,1916.9999999999927,1607660.0,0.0,0,1.1,0.0,1330.9858942963906,1,0,1607660.0
2022-10-20,2165.9999999999927,1607660.0,0.0,0,1.1,0.0,6192.328608384285,1,0,1607660.0
2022-10-21,707.9999999999927,1607660.0,0.0,0,1.1,0.0,9391.729796406697,1,0,1607660.0
2022-10-24,6310.0,1607490.0,-0.00010574375178828976,10,1.0,0.0,0.0,0,1,380800.0
2022-10-25,12759.0,1618900.0,0.007098022382720837,0,0.9,928.8884706530705,0.0,1,0,1618900.0
2022-10-26,12593.0,1618900.0,0.0,0,0.9,7321.628108825816,0.0,1,0,1618900.0
2022-10-27,18218.0,1618900.0,0.0,0,0.8,12664.617832501692,0.0,1,0,1618900.0
2022-10-28,18078.0,1618900.0,0.0,0,0.8,21718.550450487666,0.0,1,0,1618900.0
2022-10-31,23483.0,1618900.0,0.0,0,0.7,28243.921199153163,0.0,1,0,1618900.0
2022-11-01,29534.0,1613900.0,-0.003088516894187432,-10,0.6,0.0,0.0,0,1,616880.0
2022-11-02,23880.0,1613460.0,-0.00027263151372447503,0,0.7,10718.010886204404,0.0,1,0,1613460.0
2022-11-03,23821.0,1613460.0,0.0,0,0.7,13562.362900115835,0.0,1,0,1613460.0
2022-11-04,24147.0,1613460.0,0.0,0,0.7,14911.749110099465,0.0,1,0,1613460.0
2022-11-07,18794.0,1613460.0,0.0,0,0.8,15249.278513064839,0.0,1,0,1613460.0
2022-11-08,13040.0,1613460.0,0.0,0,0.9,10174.10179683111,3547.3947123376984,1,0,1613460.0
2022-11-09,7030.0,1613460.0,0.0,0,1.0,0.0,11860.364656907721,1,0,1613460.0
2022-11-10,6950.0,1613460.0,0.0,0,1.0,0.0,23325.253212845433,1,0,1613460.0
2022-11-11,739.0,1612060.0,-0.000867700469797783,10,1.1,0.0,0.0,0,1,352060.0
2022-11-14,7000.0,1613060.0,0.0006203243055469265,0,1.0,0.0,10946.077845451022,1,0,1613060.0
2022-11-15,7040.0,1613060.0,0.0,0,1.0,0.0,13431.285462511345,1,0,1613060.0
2022-11-16,7060.0,1613060.0,0.0,0,1.0,0.0,13905.542473470668,1,0,1613060.0
2022-11-17,7100.0,1613060.0,0.0,0,1.0,0.0,13115.059412119796,1,0,1613060.0
2022-11-18,7060.0,1613460.0,0.000247975896742858,10,1.0,0.0,0.0,0,1,359060.0
2022-11-21,7070.0,1613160.0,-0.00018593581495662814,0,1.0,448.3980141861068,0.0,1,0,1613160.0
2022-11-22,7130.0,1613160.0,0.0,0,1.0,888.2002597976245,0.0,1,0,1613160.0
2022-11-23,7120.0,1615560.0,0.0014877631481067244,-10,1.0,0.0,0.0,0,5,386360.0
2022-11-24,6990.0,1616860.0,0.000804674540097583,-10,1.0,30.339496628690792,0.0,1,5,386360.0
2022-11-25,7140.0,1615360.0,-0.0009277241072201958,-10,1.0,0.0,76.272736204652,2,5,386360.0
2022-11-28,12749.0,1616360.0,0.0006190570522979222,-10,0.9,42.4191171361372,12.977567626502976,3,5,386360.0
2022-11-29,6970.0,1617060.0,0.00043307184043150926,-10,1.0,4468.992391068764,0.0,4,5,386360.0
2022-11-30,6950.0,1616260.0,-0.0004947249947435672,0,1.0,3128.201927654696,481.7809651573616,5,0,1616260.0
2022-12-01,6850.0,1616260.0,0.0,0,1.0,1782.950415552382,964.8151673407613,5,0,1616260.0
2022-12-02,6780.0,1616260.0,0.0,0,1.0,374.01626091042345,1504.1667269845163,5,0,1616260.0
2022-12-05,6880.0,1616260.0,0.0,0,1.0,0.0,2060.53870417282,5,0,1616260.0
2022-12-06,7050.0,1616260.0,0.0,0,1.0,0.0,2499.8082026492425,5,0,1616260.0
2022-12-07,12763.0,1616260.0,0.0,0,0.9,0.0,2755.3248092280783,5,0,1616260.0
2022-12-08,12837.0,1616260.0,0.0,0,0.9,4571.4591393630035,0.0,5,0,1616260.0
2022-12-09,12895.0,1616260.0,0.0,0,0.9,8245.469769932119,0.0,5,0,1616260.0
2022-12-12,12948.0,1616260.0,0.0,0,0.9,11068.597659368425,0.0,5,0,1616260.0
2022-12-13,12871.0,1616580.0,0.00019798794748360216,-10,0.9,0.0,0.0,0,1,424690.0
2022-12-14,12906.0,1615410.0,-0.0007237501391826884,0,0.9,1117.5257444570161,0.0,1,0,1615410.0
2022-12-15,12970.0,1615410.0,0.0,0,0.9,1544.8480430053069,0.0,1,0,1615410.0
2022-12-16,12763.0,1617630.0,0.0013742641187066695,-10,0.9,0.0,0.0,0,5,424460.0
2022-12-19,12811.0,1617150.0,-0.0002967304018842709,-10,0.9,0.0,107.35363414156956,1,5,424460.0
2022-12-20,12869.0,1616570.0,-0.0003586556596480994,-10,0.9,0.0,162.28408954732117,2,5,424460.0
2022-12-21,12939.0,1615870.0,-0.00043301558237507365,-10,0.9,0.0,155.53921036575173,3,5,424460.0
2022-12-22,12891.0,1616350.0,0.00029705359960896516,-10,0.9,49.105695952439405,77.78776346104983,4,5,424460.0
2022-12-23,12946.0,1619780.0,0.00212206514678126,0,0.9,47.31706085508829,50.85627122084002,5,0,1619780.0
2022-12-26,12866.0,1619780.0,0.0,0,0.9,94.00650620670845,0.0,5,0,1619780.0
2022-12-27,12814.0,1619780.0,0.0,0,0.9,77.57508829549316,0.0,5,0,1619780.0
2022-12-28,12990.0,1619780.0,0.0,0,0.9,4.261309178764364,51.829078026129906,5,0,1619780.0
2022-12-29,13026.0,1619780.0,0.0,0,0.9,80.20239644051934,0.0,5,0,1619780.0
2022-12-30,12971.0,1619780.0,0.0,0,0.9,167.02053454544208,0.0,5,0,1619780.0
2023-01-03,7150.0,1619780.0,0.0,0,1.0,193.86193962675875,0.0,5,0,1619780.0
2023-01-04,12770.0,1619780.0,0.0,0,0.9,0.0,4521.412538266158,5,0,1619780.0
2023-01-05,7170.0,1619780.0,0.0,0,1.0,250.60223632666663,3399.7290603071106,5,0,1619780.0
2023-01-06,7010.0,1619780.0,0.0,0,1.0,0.0,6938.007919332138,5,0,1619780.0
2023-01-09,7030.0,1619780.0,0.0,0,1.0,0.0,9745.540999600225,5,0,1619780.0
2023-01-10,7040.0,1619780.0,0.0,0,1.0,0.0,11681.308742630092,5,0,1619780.0
2023-01-11,6990.0,1616780.0,-0.0018521033720628743,10,1.0,0.0,0.0,0,1,355480.0
2023-01-12,7040.0,1613280.0,-0.002164796694664739,0,1.0,0.0,458.520375143082,1,0,1613280.0
2023-01-13,7050.0,1613280.0,0.0,0,1.0,0.0,850.0076649971957,1,0,1613280.0
2023-01-16,6990.0,1612780.0,-0.00030992760091241855,10,1.0,0.0,0.0,0,3,313080.0
2023-01-17,7200.0,1614880.0,0.0013020994804002761,10,1.0,0.0,26.471613836315136,1,3,313080.0
2023-01-18,7230.0,1615180.0,0.0001857723174476522,10,1.0,137.21925188452718,0.0,2,3,313080.0
2023-01-19,7320.0,1616880.0,0.001052514270855287,0,1.0,270.5583932826996,0.0,3,0,1616880.0
2023-01-20,7380.0,1616880.0,0.0,0,1.0,447.14224715110527,0.0,3,0,1616880.0
2023-01-30,7420.0,1616580.0,-0.00018554252634706003,-10,1.0,0.0,0.0,0,1,284980.0
2023-01-31,7300.0,1620580.0,0.00247435945019725,0,1.0,160.44903099783056,0.0,1,0,1620580.0
2023-02-01,7250.0,1620580.0,0.0,0,1.0,169.00950928670852,0.0,1,0,1620580.0
2023-02-02,7350.0,1620580.0,0.0,0,1.0,102.96789673268724,33.958387445978715,1,0,1620580.0
2023-02-03,1174.0,1620580.0,0.0,0,1.1,117.90463565217411,0.0,1,0,1620580.0
2023-02-06,1251.0,1620580.0,0.0,0,1.1,0.0,4816.302170738152,1,0,1620580.0
2023-02-07,1182.0,1620580.0,0.0,0,1.1,0.0,8556.4893790425,1,0,1620580.0
2023-02-08,1188.0,1620580.0,0.0,0,1.1,0.0,11423.172769590925,1,0,1620580.0
2023-02-09,7240.0,1618880.0,-0.0010490071455898642,10,1.0,0.0,0.0,0,1,254880.0
2023-02-10,7270.0,1618110.0,-0.00047563747776235843,0,1.0,2784.8299196876765,0.0,1,0,1618110.0
2023-02-13,7380.0,1618110.0,0.0,0,1.0,5596.094842257326,0.0,1,0,1618110.0
2023-02-14,7340.0,1618110.0,0.0,0,1.0,8511.982594947809,0.0,1,0,1618110.0
2023-02-15,7350.0,1618110.0,0.0,0,1.0,10506.734043141572,0.0,1,0,1618110.0
2023-02-16,7360.0,1618110.0,0.0,0,1.0,11694.04746305562,0.0,1,0,1618110.0
2023-02-17,7330.0,1619710.0,0.000988807930239588,-10,1.0,0.0,0.0,0,1,316810.0
2023-02-20,7450.0,1619210.0,-0.00030869723592497067,0,1.0,0.0,0.0,1,0,1619210.0
2023-02-21,7440.0,1619210.0,0.0,0,1.0,84.82960884833334,0.0,1,0,1619210.0
2023-02-22,7520.0,1619210.0,0.0,0,1.0,136.63677556805763,0.0,1,0,1619210.0
2023-02-23,1326.0,1619210.0,0.0,0,1.1,243.66958042315017,0.0,1,0,1619210.0
2023-02-24,1432.0,1619210.0,0.0,0,1.1,0.0,4753.451081296096,1,0,1619210.0
2023-02-27,1321.0,1619210.0,0.0,0,1.1,0.0,8425.748059993564,1,0,1619210.0
2023-02-28,1246.0,1619210.0,0.0,0,1.1,0.0,11286.418044643307,1,0,1619210.0
2023-03-01,1110.0,1619600.0,0.0002408581962809464,10,1.1,0.0,0.0,0,1,244720.0
2023-03-02,1184.0,1622050.0,0.0015127191899233505,0,1.1,0.0,1341.7233114642054,1,0,1622050.0
2023-03-03,1180.0,1622050.0,0.0,0,1.1,0.0,1847.5071482498888,1,0,1622050.0
2023-03-06,1264.0,1622120.0,4.3155266483685395e-05,10,1.1,0.0,0.0,0,4,238220.0
2023-03-07,1225.0,1621730.0,-0.00024042610904251305,10,1.1,0.0,0.0,1,4,238220.0
2023-03-08,1406.0,1623540.0,0.0011160920745130198,10,1.1,0.0,0.0,2,4,238220.0
2023-03-09,7570.0,1623460.0,-4.9275040959861904e-05,10,1.0,156.76987807785716,0.0,3,4,238220.0
2023-03-10,7560.0,1623040.0,-0.0002587067128232423,0,1.0,5112.873939602927,0.0,4,0,1623040.0
2023-03-13,7640.0,1623040.0,0.0,0,1.0,9001.010936562154,0.0,4,0,1623040.0
2023-03-14,7610.0,1623040.0,0.0,0,1.0,11987.22369447313,0.0,4,0,1623040.0
2023-03-15,7620.0,1624540.0,0.0009241916403786021,-10,1.0,0.0,0.0,0,1,321340.0
2023-03-16,13437.0,1627140.0,0.00160045305132539,0,0.9,1202.1530084899655,0.0,1,0,1627140.0
2023-03-17,7730.0,1627140.0,0.0,0,1.0,6395.30243462534,0.0,1,0,1627140.0
2023-03-20,13412.0,1627140.0,0.0,0,0.9,5233.134336398721,282.6890446305223,1,0,1627140.0
2023-03-21,7610.0,1627140.0,0.0,0,1.0,8792.751103538036,0.0,1,0,1627140.0
2023-03-22,7620.0,1627140.0,0.0,0,1.0,6544.231464111435,1119.766074859113,1,0,1627140.0
2023-03-23,7520.0,1627140.0,0.0,0,1.0,4308.176289906771,2226.2823292258763,1,0,1627140.0
2023-03-24,7730.0,1627140.0,0.0,0,1.0,1983.1540621171607,3418.1172442934076,1,0,1627140.0
2023-03-27,7800.0,1627140.0,0.0,0,1.0,0.0,4417.755759220057,1,0,1627140.0
2023-03-28,7660.0,1627140.0,0.0,0,1.0,0.0,4672.0282355495465,1,0,1627140.0
2023-03-29,7690.0,1627140.0,0.0,0,1.0,0.0,5055.454443529964,1,0,1627140.0
2023-03-30,7750.0,1626740.0,-0.00024583010681322737,10,1.0,0.0,0.0,0,13,307040.0
2023-03-31,7220.0,1621440.0,-0.003258049842015276,10,1.0,50.044742541863,0.0,1,13,307040.0
2023-04-03,7680.0,1626040.0,0.00283698440892044,10,1.0,0.0,364.47186170721056,2,13,307040.0
2023-04-04,7770.0,1626940.0,0.0005534919190179899,10,1.0,0.0,292.7694825790344,3,13,307040.0
2023-04-06,7660.0,1625840.0,-0.0006761158985579829,10,1.0,77.61709700739948,136.1008653007201,4,13,307040.0
2023-04-07,7700.0,1626240.0,0.0002460266692909663,10,1.0,67.34847131919167,71.54652532679853,5,13,307040.0
2023-04-10,7750.0,1626740.0,0.0003074576938213447,10,1.0,91.05121478815317,0.0,6,13,307040.0
2023-04-11,7780.0,1627040.0,0.00018441791558587717,10,1.0,155.373277770559,0.0,7,13,307040.0
2023-04-12,7830.0,1627540.0,0.00030730651981514256,10,1.0,244.81366884950464,0.0,8,13,307040.0
2023-04-13,13937.0,1627240.0,-0.0001843272669181939,10,0.9,324.05325227367535,0.0,9,13,307040.0
2023-04-14,14025.0,1627240.0,0.0,10,0.9,5160.675198427143,0.0,10,13,307040.0
2023-04-17,14010.0,1626940.0,-0.00018436124972343038,10,0.9,9050.88808730646,0.0,11,13,307040.0
2023-04-18,13971.0,1626940.0,0.0,10,0.9,11962.126696481622,0.0,12,13,307040.0
2023-04-19,13940.0,1627640.0,0.0004302555718096457,0,0.9,13941.376627954027,0.0,13,0,1627640.0
2023-04-20,7750.0,1627220.0,-0.00025804231894033247,-10,1.0,0.0,0.0,0,1,380520.0
2023-04-21,7690.0,1627630.0,0.0002519634714421848,0,1.0,0.0,3855.196676612878,1,0,1627630.0
2023-04-24,7840.0,1627630.0,0.0,0,1.0,0.0,7743.570287839296,1,0,1627630.0
2023-04-25,7800.0,1627630.0,0.0,0,1.0,0.0,10555.850136424302,1,0,1627630.0
2023-04-26,7770.0,1627630.0,0.0,0,1.0,0.0,12521.288866387327,1,0,1627630.0
2023-04-27,7680.0,1628930.0,0.0007987073229174246,10,1.0,0.0,0.0,0,1,362130.0
2023-04-28,7750.0,1627730.0,-0.0007366799064416618,0,1.0,0.0,490.89144030106144,1,0,1627730.0
2023-05-04,7670.0,1625930.0,-0.0011058345057226582,10,1.0,0.0,0.0,0,2,369230.0
2023-05-05,7620.0,1625430.0,-0.0003075163137404857,10,1.0,0.0,59.80778600380685,1,2,369230.0
2023-05-08,7710.0,1625530.0,6.152218182275959e-05,0,1.0,0.0,156.9290130115611,2,0,1625530.0
2023-05-09,7650.0,1625530.0,0.0,0,1.0,0.0,148.6259946177647,2,0,1625530.0
2023-05-10,7650.0,1625530.0,0.0,0,1.0,0.0,180.73050767475902,2,0,1625530.0
2023-05-11,7510.0,1624230.0,-0.0007997391619963823,10,1.0,0.0,0.0,0,1,361930.0
2023-05-12,1744.9999999999927,1625630.0,0.0008619468917578921,0,1.1,0.0,126.26596077259407,1,0,1625630.0
2023-05-15,1806.9999999999927,1625630.0,0.0,0,1.1,0.0,4729.421959927955,1,0,1625630.0
2023-05-16,1714.9999999999927,1625630.0,0.0,0,1.1,0.0,8307.187495514849,1,0,1625630.0
2023-05-17,1794.9999999999927,1625630.0,0.0,0,1.1,0.0,11076.485413261216,1,0,1625630.0
2023-05-18,1717.9999999999927,1625110.0,-0.00031987598654059646,10,1.1,0.0,0.0,0,1,342930.0
2023-05-19,1867.9999999999927,1623750.0,-0.0008368664275033577,0,1.1,0.0,1133.5351198182966,1,0,1623750.0
2023-05-22,1741.9999999999927,1623750.0,0.0,0,1.1,0.0,1425.8476747613759,1,0,1623750.0
2023-05-23,1651.9999999999927,1622170.0,-0.0009730561970746621,10,1.1,0.0,0.0,0,6,342850.0
2023-05-24,1710.9999999999927,1622760.0,0.0003637103386204821,10,1.1,0.0,90.38496180108164,1,6,342850.0
2023-05-25,1672.9999999999927,1622380.0,-0.00023416894673278232,10,1.1,0.0,108.46998186337902,2,6,342850.0
2023-05-26,1786.9999999999927,1623520.0,0.0007026713840161403,10,1.1,0.0,157.65827478192932,3,6,342850.0
2023-05-29,1783.9999999999927,1623490.0,-1.8478367990515387e-05,10,1.1,36.5289694230984,91.9015299193135,4,6,342850.0
2023-05-30,1681.9999999999927,1622470.0,-0.0006282761211956478,10,1.1,60.31868287742118,38.262671945064724,5,6,342850.0
2023-05-31,1713.9999999999927,1623600.0,0.000696468963987007,0,1.1,12.829293583918302,64.2018540801334,6,0,1623600.0
2023-06-01,1644.9999999999927,1623600.0,0.0,0,1.1,1.5372234225224464,54.338355347309104,6,0,1623600.0
2023-06-02,1613.9999999999927,1623600.0,0.0,0,1.1,0.0,112.18880853606058,6,0,1623600.0
2023-06-05,1639.9999999999927,1623600.0,0.0,0,1.1,0.0,184.8058967249233,6,0,1623600.0
2023-06-06,1549.9999999999927,1623600.0,0.0,0,1.1,0.0,226.04411264195053,6,0,1623600.0
2023-06-07,1452.9999999999927,1623170.0,-0.00026484355752653954,10,1.1,0.0,0.0,0,1,307560.0
2023-06-08,7430.0,1624190.0,0.0006283999827498832,0,1.0,0.0,143.43526259803465,1,0,1624190.0
2023-06-09,7370.0,1624190.0,0.0,0,1.0,4554.042889781904,0.0,1,0,1624190.0
2023-06-12,7590.0,1624190.0,0.0,0,1.0,8112.802031368479,0.0,1,0,1624190.0
2023-06-13,7580.0,1624190.0,0.0,0,1.0,10979.48834776662,0.0,1,0,1624190.0
2023-06-14,7550.0,1625190.0,0.0006156915139239327,-10,1.0,0.0,0.0,0,1,343290.0
2023-06-15,7590.0,1624490.0,-0.00043071886979373364,0,1.0,1174.9689314265565,0.0,1,0,1624490.0
2023-06-16,7670.0,1624490.0,0.0,0,1.0,1654.289492851759,0.0,1,0,1624490.0
2023-06-19,7660.0,1624590.0,6.155778121130773e-05,-10,1.0,0.0,0.0,0,4,328590.0
2023-06-20,1613.0,1624190.0,-0.0002462159683366272,-10,1.1,67.25268249256666,0.0,1,4,328590.0
2023-06-21,1753.0,1622590.0,-0.0009851064222782258,-10,1.1,0.0,4684.266586304152,2,4,328590.0
2023-06-26,1742.0,1623090.0,0.00030814931683287305,-10,1.1,0.0,8269.302186458788,3,4,328590.0
2023-06-27,1347.0,1625190.0,0.0012938284383490206,0,1.1,0.0,10977.435392938996,4,0,1625190.0
2023-06-28,1427.0,1625770.0,0.0003568813492575984,10,1.1,0.0,0.0,0,1,282480.0
2023-06-29,1494.0,1625370.0,-0.0002460372623434015,0,1.1,0.0,1294.056932695797,1,0,1625370.0
2023-06-30,-4460.0,1625370.0,0.0,0,1.2,0.0,1771.8407804393755,1,0,1625370.0
2023-07-03,1523.0,1625370.0,0.0,0,1.1,0.0,6477.827766342236,1,0,1625370.0
2023-07-04,1483.0,1625370.0,0.0,0,1.1,378.4209500533476,5189.105859252726,1,0,1625370.0
2023-07-05,1507.0,1625370.0,0.0,0,1.1,759.1774179674728,3905.576612881137,1,0,1625370.0
2023-07-06,-4572.0,1625370.0,0.0,0,1.2,1200.9560726768009,2567.9266961618937,1,0,1625370.0
2023-07-07,-4402.0,1625370.0,0.0,0,1.2,0.0,6325.76149808808,1,0,1625370.0
2023-07-10,-4238.0,1625370.0,0.0,0,1.2,0.0,9027.416812752643,1,0,1625370.0
2023-07-11,-4446.0,1625370.0,0.0,0,1.2,0.0,10752.125333087319,1,0,1625370.0
2023-07-12,-4298.0,1626270.0,0.0005537200760441507,10,1.2,0.0,0.0,0,1,225890.0
2023-07-13,1653.0,1625330.0,-0.0005780098015704116,0,1.1,0.0,1013.74120601706,1,0,1625330.0
2023-07-14,1618.0,1625330.0,0.0,0,1.1,3754.963840275578,0.0,1,0,1625330.0
2023-07-17,1607.0,1625330.0,0.0,0,1.1,7453.715322033444,0.0,1,0,1625330.0
2023-07-18,1641.0,1625330.0,0.0,0,1.1,10208.705574797725,0.0,1,0,1625330.0
2023-07-19,1693.0,1625330.0,0.0,0,1.1,12136.025400783961,0.0,1,0,1625330.0
2023-07-20,1653.0,1624940.0,-0.00023995127143405792,-10,1.1,0.0,0.0,0,1,272470.0
2023-07-21,1598.0,1624850.0,-5.538666043058971e-05,0,1.1,408.49444770939203,0.0,1,0,1624850.0
2023-07-24,1729.0,1621760.0,-0.00190171400436967,-10,1.1,0.0,0.0,0,2,270850.0
2023-07-25,1544.0,1623610.0,0.001140735990528885,-10,1.1,71.00073918987965,0.0,1,2,270850.0
2023-07-26,1426.0,1624160.0,0.0003387513011130494,0,1.1,0.0,81.49136827758738,2,0,1624160.0
2023-07-27,7540.0,1624160.0,0.0,0,1.0,0.0,247.12996688508335,2,0,1624160.0
2023-07-28,7630.0,1624160.0,0.0,0,1.0,4636.350979396024,0.0,2,0,1624160.0
2023-07-31,13856.0,1624160.0,0.0,0,0.9,8378.120400988873,0.0,2,0,1624160.0
2023-08-01,14053.0,1624160.0,0.0,0,0.9,16226.129361587358,0.0,2,0,1624160.0
2023-08-02,7670.0,1624810.0,0.00040020687616992845,-10,1.0,0.0,0.0,0,1,360060.0
2023-08-03,7690.0,1625670.0,0.0005292926557567412,0,1.0,0.0,0.0,1,0,1625670.0
2023-08-04,7750.0,1625670.0,0.0,0,1.0,0.0,0.0,1,0,1625670.0
2023-08-07,7640.0,1625670.0,0.0,0,1.0,0.0,1090.663697204163,1,0,1625670.0
2023-08-08,7710.0,1625670.0,0.0,0,1.0,0.0,2307.6468189817,1,0,1625670.0
2023-08-09,7660.0,1625670.0,0.0,0,1.0,0.0,3467.6317702569763,1,0,1625670.0
2023-08-10,7760.0,1625670.0,0.0,0,1.0,0.0,3922.471501451518,1,0,1625670.0
2023-08-11,7860.0,1628370.0,0.0016608536787909856,10,1.0,0.0,0.0,0,21,326570.0
2023-08-14,7830.0,1628070.0,-0.0001842333130677165,10,1.0,120.88831108158331,0.0,1,21,326570.0
2023-08-15,13944.0,1628570.0,0.00030711210205947026,10,0.9,190.23770987876702,0.0,2,21,326570.0
2023-08-16,13865.0,1628770.0,0.00012280712526946402,10,0.9,5036.083190783226,0.0,3,21,326570.0
2023-08-17,13944.0,1629170.0,0.0002455840910626783,10,0.9,8783.23387833721,0.0,4,21,326570.0
2023-08-18,13955.0,1629270.0,6.138094858121335e-05,10,0.9,11661.681113257866,0.0,5,21,326570.0
2023-08-21,13951.0,1628670.0,-0.0003682630871494341,10,0.9,13655.11985002122,0.0,6,21,326570.0
2023-08-22,13959.0,1628570.0,-6.139979246866378e-05,10,0.9,14819.360384046648,0.0,7,21,326570.0
2023-08-23,13897.0,1627370.0,-0.0007368427516164511,10,0.9,15252.71960017532,0.0,8,21,326570.0
2023-08-24,13954.0,1628070.0,0.0004301418853733807,10,0.9,15211.882848328469,26.59181958172205,9,21,326570.0
2023-08-25,13850.0,1627070.0,-0.0006142242041189405,10,0.9,15226.454911848201,0.0,10,21,326570.0
2023-08-28,13847.0,1627070.0,0.0,10,0.9,15138.221645991527,71.76673414332643,11,21,326570.0
2023-08-29,13885.0,1627170.0,6.146017073627164e-05,10,0.9,15058.907962221218,130.73876465872996,12,21,326570.0
2023-08-30,13922.0,1627370.0,0.0001229127872317548,10,0.9,15028.009130108167,142.12564683139306,13,21,326570.0
2023-08-31,13909.0,1627170.0,-0.00012289768153528335,10,0.9,15038.918475566275,113.03499228950224,14,21,326570.0
2023-09-01,13975.0,1627570.0,0.00024582557446373166,10,0.9,15045.385024072442,91.21582650995583,15,21,326570.0
2023-09-04,13963.0,1627870.0,0.00018432386932665246,10,0.9,15104.591148435085,12.421950872599595,16,21,326570.0
2023-09-05,13817.0,1626570.0,-0.0007985895679630817,10,0.9,15150.198859203187,0.0,17,21,326570.0
2023-09-06,13897.0,1626970.0,0.0002459162532200132,10,0.9,15053.070120020226,74.01411795989742,18,21,326570.0
2023-09-07,13906.0,1627370.0,0.0002458557932845107,10,0.9,15029.829224034369,76.20179340261362,19,21,326570.0
2023-09-08,13832.0,1627070.0,-0.000184346522302814,10,0.9,15012.799439116965,72.60057991378206,20,21,326570.0
2023-09-11,13892.0,1627270.0,0.00012292034147276532,0,0.9,14933.044717474524,128.56014398562684,21,0,1627270.0
2023-09-12,7730.0,1628240.0,0.0005960903845090293,-10,1.0,0.0,0.0,0,62,382460.0
2023-09-13,7760.0,1628090.0,-9.212401120228808e-05,-10,1.0,0.0,4809.947876949072,1,62,382460.0
2023-09-14,7680.0,1628470.0,0.00023340233033808389,-10,1.0,0.0,8571.428862812732,2,62,382460.0
2023-09-15,7710.0,1627890.0,-0.0003561625329296936,-10,1.0,0.0,11475.461242908224,3,62,382460.0
2023-09-18,7700.0,1628310.0,0.0002580026905993904,-10,1.0,0.0,13465.824448527444,4,62,382460.0
2023-09-19,7710.0,1628880.0,0.00035005619323102977,-10,1.0,0.0,14638.005586981171,5,62,382460.0
2023-09-20,7720.0,1628840.0,-2.4556750650717163e-05,-10,1.0,0.0,15058.470079032568,6,62,382460.0
2023-09-21,7750.0,1628800.0,-2.4557353699550255e-05,-10,1.0,0.0,15049.170099382629,7,62,382460.0
2023-09-22,7750.0,1629100.0,0.00018418467583503073,-10,1.0,25.839466380525383,15012.152422906012,8,62,382460.0
2023-09-25,7620.0,1630810.0,0.0010496593210975735,-10,1.0,53.56964968197525,14974.168320493176,9,62,382460.0
2023-09-26,7630.0,1631200.0,0.00023914496477206448,-10,1.0,0.0,15053.989238875396,10,62,382460.0
2023-09-27,7610.0,1631570.0,0.0002268268759195724,-10,1.0,0.0,15110.567104413001,11,62,382460.0
2023-09-28,7690.0,1630610.0,-0.0005883903234308319,-10,1.0,0.0,15172.423973600471,12,62,382460.0
2023-10-09,7730.0,1630090.0,-0.00031889906231408194,-10,1.0,0.0,15151.608985011437,13,62,382460.0
2023-10-10,7660.0,1631660.0,0.0009631370047051835,-10,1.0,34.66812076812545,15091.991391493848,14,62,382460.0
2023-10-11,7750.0,1630380.0,-0.0007844771582314891,-10,1.0,13.652979673553242,15090.976250399275,15,62,382460.0
2023-10-12,7720.0,1630640.0,0.0001594720249267212,-10,1.0,82.63783857898105,14999.961109304702,16,62,382460.0
2023-10-13,7620.0,1632010.0,0.0008401609184123249,-10,1.0,107.77812203255525,14953.672821329705,17,62,382460.0
2023-10-16,7680.0,1631310.0,-0.00042891894044772005,-10,1.0,33.98392986496977,15005.592914876406,18,62,382460.0
2023-10-17,7600.0,1632780.0,0.0009011162807803785,-10,1.0,12.20383639611487,15009.527107121838,19,62,382460.0
2023-10-18,7560.0,1632320.0,-0.00028172809564053214,-10,1.0,0.0,15078.154625715682,20,62,382460.0
2023-10-19,7530.0,1632820.0,0.00030631248774759534,-10,1.0,0.0,15160.409979186179,21,62,382460.0
2023-10-20,1765.9999999999927,1632320.0,-0.00030621868913904837,-10,1.1,0.0,15251.112467893818,22,62,382460.0
2023-10-23,1663.9999999999927,1634100.0,0.001090472456381164,-10,1.1,0.0,19824.809890207784,23,62,382460.0
2023-10-24,1589.9999999999927,1633160.0,-0.0005752401933786233,-10,1.1,0.0,23503.72343858313,24,62,382460.0
2023-10-25,1491.9999999999927,1633180.0,1.2246197555576543e-05,-10,1.1,0.0,26336.5031651284,25,62,382460.0
2023-10-26,1605.9999999999927,1632920.0,-0.0001591986186458838,-10,1.1,0.0,28381.479103550035,26,62,382460.0
2023-10-27,1561.9999999999927,1632680.0,-0.00014697596942903068,-10,1.1,0.0,29512.801077459397,27,62,382460.0
2023-10-30,7520.0,1632060.0,-0.00037974373422833274,-10,1.0,0.0,29961.78801334231,28,62,382460.0
2023-10-31,7540.0,1631890.0,-0.00010416283715064534,-10,1.0,4616.02802669794,24452.10175432595,29,62,382460.0
2023-11-01,7520.0,1632100.0,0.0001286851442192649,-10,1.0,8293.548500788547,19613.622228416545,30,62,382460.0
2023-11-02,7440.0,1632690.0,0.0003614974572636598,-10,1.0,11057.339611406851,15574.556196177697,31,62,382460.0
2023-11-03,13461.0,1632450.0,-0.00014699667420026152,-10,0.9,12906.728427838993,12452.516441181262,32,62,382460.0
2023-11-06,13464.0,1632420.0,-1.83772856748865e-05,-10,0.9,18884.44780915602,4836.521536784,33,62,382460.0
2023-11-07,13383.0,1633230.0,0.0004961958319549264,-10,0.9,23168.868012428455,0.0,34,62,382460.0
2023-11-08,13491.0,1632150.0,-0.0006612663250123996,-10,0.9,25870.907109097036,0.0,35,62,382460.0
2023-11-09,7670.0,1630900.0,-0.0007658609809146899,-10,1.0,27825.931597500537,0.0,36,62,382460.0
2023-11-10,7720.0,1630350.0,-0.0003372371083451009,-10,1.0,23945.902362602366,2616.827907958971,37,62,382460.0
2023-11-13,7830.0,1629380.0,-0.0005949642714754289,-10,1.0,20094.33411706523,5219.259662421838,38,62,382460.0
2023-11-14,13660.0,1630460.0,0.000662828806048843,-10,0.9,16311.113290689442,7781.467407474621,39,62,382460.0
2023-11-15,19762.0,1629450.0,-0.0006194570857304127,-10,0.8,18323.961359711127,4536.601190782019,40,62,382460.0
2023-11-16,19706.0,1630180.0,0.0004480039277057202,-10,0.8,25254.87184367788,0.0,41,62,382460.0
2023-11-17,19840.0,1628760.0,-0.0008710694524530771,-10,0.8,31049.091444324775,0.0,42,62,382460.0
2023-11-20,19848.0,1628670.0,-5.525675974360489e-05,-10,0.8,35944.93173815294,0.0,43,62,382460.0
2023-11-21,19880.0,1628760.0,5.5259813221741894e-05,-10,0.8,39167.99965935514,0.0,44,62,382460.0
2023-11-22,13552.0,1631540.0,0.0017068199120804373,-10,0.9,40883.65928366219,0.0,45,62,382460.0
2023-11-23,13593.0,1631130.0,-0.00025129632126696944,-10,0.9,35794.91150325219,3878.109362447142,46,62,382460.0
2023-11-24,19642.0,1631150.0,1.226143838928273e-05,-10,0.8,30753.4939998876,7702.406144796837,47,62,382460.0
2023-11-27,13605.0,1631010.0,-8.582901633813478e-05,-10,0.9,31780.438086438742,5462.778802776552,48,62,382460.0
2023-11-28,13610.0,1630960.0,-3.0655851282368474e-05,-10,0.9,27583.253933048585,8329.880363672113,49,62,382460.0
2023-11-29,13631.0,1630750.0,-0.00012875852258786846,-10,0.9,24283.12495811671,10304.037103025952,50,62,382460.0
2023-11-30,13617.0,1630890.0,8.585006898664815e-05,-10,0.9,21953.521345538906,11430.433490448146,51,62,382460.0
2023-12-01,19704.0,1630840.0,-3.065810692326476e-05,-10,0.8,20649.57701749034,11821.060590971008,52,62,382460.0
2023-12-04,19700.0,1631160.0,0.00019621789997792405,-10,0.8,24418.847734668514,6868.617022434895,53,62,382460.0
2023-12-05,19572.0,1631750.0,0.00036170577993566155,-10,0.8,27254.752558321743,2735.6647032309857,54,62,382460.0
2023-12-06,25791.0,1629890.0,-0.0011398804963995701,-10,0.7,29975.106016912363,0.0,55,62,382460.0
2023-12-07,19776.0,1628930.0,-0.0005889968034652471,-10,0.8,36901.28993934677,0.0,56,62,382460.0
2023-12-08,25853.0,1628950.0,1.2277998440612947e-05,-10,0.7,37010.851098674815,0.0,57,62,382460.0
2023-12-11,25888.0,1629500.0,0.00033764081156584247,-10,0.7,41447.37161690513,0.0,58,62,382460.0
2023-12-12,19810.0,1629410.0,-5.523166615528652e-05,-10,0.8,44350.84798500112,0.0,59,62,382460.0
2023-12-13,19802.0,1629050.0,-0.00022093886744278812,-10,0.8,41163.9537790079,1875.9629368639235,60,62,382460.0
2023-12-14,19832.0,1629200.0,9.207820508883025e-05,-10,0.8,37957.18865534804,3777.1978132040676,61,62,382460.0
2023-12-15,25972.0,1628330.0,-0.0005340044193469229,0,0.7,34750.416343811296,5692.711215953036,62,0,1628330.0
2023-12-18,19794.0,1628770.0,0.0002702154968587944,-10,0.8,0.0,0.0,0,2,515580.0
2023-12-19,19760.0,1629280.0,0.0003131197161048149,-10,0.8,0.0,1975.963961281057,1,2,515580.0
2023-12-20,19798.0,1628730.0,-0.0003375724246292844,0,0.8,0.0,3168.8059863049175,2,0,1628730.0
2023-12-21,19684.0,1628730.0,0.0,0,0.8,0.0,3585.3193483295554,2,0,1628730.0
2023-12-22,19720.0,1628730.0,0.0,0,0.8,0.0,4096.170281866758,2,0,1628730.0
2023-12-25,19752.0,1628730.0,0.0,0,0.8,0.0,4558.261805149859,2,0,1628730.0
2023-12-26,19754.0,1628730.0,0.0,0,0.8,0.0,4975.955635369648,2,0,1628730.0
2023-12-27,19740.0,1628550.0,-0.00011051555506436106,10,0.8,0.0,0.0,0,31,441710.0
2023-12-28,19764.0,1628790.0,0.00014737036013623417,10,0.8,0.0,0.0,1,31,441710.0
2023-12-29,25842.0,1628030.0,-0.00046660404349241347,10,0.7,12.277947080207593,0.0,2,31,441710.0
2024-01-02,25889.0,1628510.0,0.0002948348617655139,10,0.7,4784.651200310338,0.0,3,31,441710.0
2024-01-03,25784.0,1627810.0,-0.00042984077469587767,10,0.7,8582.00807383316,0.0,4,31,441710.0
2024-01-04,19646.0,1627610.0,-0.00012286446206866142,10,0.8,11354.661001627797,0.0,5,31,441710.0
2024-01-05,19694.0,1628090.0,0.00029491094303923937,10,0.8,8001.58042130058,2046.0622768156381,6,31,441710.0
2024-01-08,19776.0,1628910.0,0.0005036576602031051,10,0.8,4703.47123956062,4033.953095075678,7,31,441710.0
2024-01-09,19780.0,1628950.0,2.4556298383604513e-05,10,0.8,1483.165646002513,5945.9332158032885,8,31,441710.0
2024-01-10,19754.0,1628690.0,-0.00015961202001291142,10,0.8,0.0,7856.618454751976,9,31,441710.0
2024-01-11,19798.0,1629130.0,0.00027015576936073593,10,0.8,0.0,8981.292778558945,10,31,441710.0
2024-01-12,19816.0,1629310.0,0.00011048842019967253,10,0.8,0.0,9330.954604734117,11,31,441710.0
2024-01-15,19694.0,1628090.0,-0.0007487832272556894,10,0.8,51.841052677143466,9254.795657411261,12,31,441710.0
2024-01-16,19722.0,1628370.0,0.00017198066445955895,10,0.8,0.0,9310.000561445948,13,31,441710.0
2024-01-17,19680.0,1627950.0,-0.0002579266382947143,10,0.8,0.0,9342.288434733728,14,31,441710.0
2024-01-18,19774.0,1628890.0,0.0005774133112195212,10,0.8,0.0,9400.977948825084,15,31,441710.0
2024-01-19,19762.0,1628770.0,-7.366979967948772e-05,10,0.8,15.369744941031783,9364.919122337544,16,31,441710.0
2024-01-22,19790.0,1629050.0,0.0001719088637437416,10,0.8,17.54960183610728,9341.956122089765,17,31,441710.0
2024-01-23,19854.0,1629690.0,0.00039286700837903865,10,0.8,49.10664758032665,9290.084596405412,18,31,441710.0
2024-01-24,25960.0,1630150.0,0.0002822622707385758,10,0.7,137.3205134653387,9177.727033718997,19,31,441710.0
2024-01-25,19896.0,1630110.0,-2.4537619237485764e-05,10,0.8,4979.938658651309,3398.059464619249,20,31,441710.0
2024-01-26,13790.0,1630250.0,8.58837747146346e-05,10,0.9,3735.814571520776,3709.363948917289,21,31,441710.0
2024-01-29,13790.0,1630150.0,-6.134028523230306e-05,10,0.9,0.0,9048.927549189355,22,31,441710.0
2024-01-30,13765.0,1630150.0,0.0,10,0.9,0.0,13397.853050799315,23,31,441710.0
2024-01-31,13793.0,1630810.0,0.00040487071741868164,10,0.9,0.0,16833.859943086863,24,31,441710.0
2024-02-01,13803.0,1630510.0,-0.0001839576652092889,10,0.9,0.0,19346.791977508918,25,31,441710.0
2024-02-02,13793.0,1630010.0,-0.0003066525197638059,10,0.9,0.0,20985.157103609297,26,31,441710.0
2024-02-05,13748.0,1629510.0,-0.0003067465843767936,10,0.9,0.0,21391.93404798354,27,31,441710.0
2024-02-06,13754.0,1629030.0,-0.00029456707844688346,10,0.9,0.0,21423.206627666186,28,31,441710.0
2024-02-07,13672.0,1628390.0,-0.0003928718317035562,10,0.9,0.0,21442.837035770674,29,31,441710.0
2024-02-08,13681.0,1628270.0,-7.369242012045252e-05,10,0.9,0.0,21523.04798115741,30,31,441710.0
2024-02-19,13656.0,1630470.0,0.0013511272700472698,0,0.9,0.0,21580.430771031934,31,0,1630470.0
2024-02-20,13699.0,1630470.0,0.0,10,0.9,0.0,0.0,0,90,397460.0
2024-02-21,13845.0,1631930.0,0.0008954473250044614,10,0.9,0.0,5.570181163225202,1,90,397460.0
2024-02-22,7780.0,1632760.0,0.0005086002463341455,10,1.0,109.71817863037163,0.0,2,90,397460.0
2024-02-23,7710.0,1632240.0,-0.00031847913961635665,10,1.0,0.0,4640.526948857108,3,90,397460.0
2024-02-26,7680.0,1631650.0,-0.0003614664510120935,10,1.0,0.0,8354.338039981412,4,90,397460.0
2024-02-27,7780.0,1632500.0,0.0005209450556185047,10,1.0,0.0,11183.243432752228,5,90,397460.0
2024-02-28,7690.0,1631450.0,-0.000643185298621729,10,1.0,0.0,13069.26277159749,6,90,397460.0
2024-02-29,7710.0,1631860.0,0.00025131018419188855,10,1.0,0.0,14244.172115311112,7,90,397460.0
2024-03-01,1633.0,1632150.0,0.00017771132327526473,10,1.1,0.0,14670.759069216876,8,90,397460.0
2024-03-04,1586.0,1632220.0,4.288821493125816e-05,10,1.1,0.0,19431.89087278801,9,90,397460.0
2024-03-05,1598.0,1632100.0,-7.351950104761418e-05,10,1.1,0.0,23219.969394247673,10,90,397460.0
2024-03-06,1639.0,1632490.0,0.00023895594632672434,10,1.1,0.0,26065.531255543425,11,90,397460.0
2024-03-07,1597.0,1632910.0,0.0002572756954100086,10,1.1,0.0,28006.74086936127,12,90,397460.0
2024-03-08,1365.0,1631830.0,-0.000661395912818219,10,1.1,0.0,29165.891067666686,13,90,397460.0
2024-03-11,7620.0,1631510.0,-0.00019609885833693497,10,1.0,0.0,29783.20560496331,14,90,397460.0
2024-03-12,7580.0,1631530.0,1.2258582540169982e-05,10,1.0,4728.255151130385,24139.460756093697,15,90,397460.0
2024-03-13,13972.0,1633200.0,0.0010235790944697065,10,0.9,8434.673181894435,19253.021644000604,16,90,397460.0
2024-03-14,14105.0,1634530.0,0.0008143521920156438,10,0.9,16381.865656369619,9362.214118475787,17,90,397460.0
2024-03-15,7970.0,1638340.0,0.0023309452870243774,10,1.0,22523.71401613849,973.4910496732268,18,90,397460.0
2024-03-18,7900.0,1637410.0,-0.0005676477410061498,10,1.0,21723.8327165158,0.0,19,90,397460.0
2024-03-19,7910.0,1637590.0,0.00010992970606027441,10,1.0,20106.020474597193,0.0,20,90,397460.0
2024-03-20,1428.0,1637200.0,-0.0002381548495044017,10,1.1,17826.47479676445,1059.5971793101144,21,90,397460.0
2024-03-21,1432.0,1638360.0,0.0007085267529929329,10,1.1,9691.752805955566,7458.87518850123,22,90,397460.0
2024-03-22,1362.0,1636060.0,-0.0014038428672574765,10,1.1,2277.3153813067693,12813.866335281004,23,90,397460.0
2024-03-25,1427.0,1636610.0,0.00033617348996983765,10,1.1,0.0,16500.683421248235,24,90,397460.0
2024-03-26,1479.0,1636490.0,-7.332229425460746e-05,10,1.1,0.0,18581.375941051123,25,90,397460.0
2024-03-27,1470.0,1636580.0,5.499575310574656e-05,10,1.1,0.0,19746.87151614742,26,90,397460.0
2024-03-28,1528.0,1637800.0,0.0007454569895757324,10,1.1,0.0,20145.483587901217,27,90,397460.0
2024-03-29,1503.0,1637650.0,-9.158627427041655e-05,10,1.1,70.99666067814972,20053.62310572222,28,90,397460.0
2024-04-01,1490.0,1638580.0,0.0005678869111227502,10,1.1,105.64766521205368,19996.845538827554,29,90,397460.0
2024-04-02,1510.0,1638980.0,0.00024411380585620535,10,1.1,119.02794437870679,19961.368675137062,30,90,397460.0
2024-04-03,1490.0,1640180.0,0.000732162686548854,10,1.1,135.76770389758036,19931.53700608451,31,90,397460.0
2024-04-08,1334.0,1641740.0,0.0009511151215111369,10,1.1,126.13301975845,19933.33089337395,32,90,397460.0
2024-04-09,1347.0,1642610.0,0.0005299255667767788,10,1.1,0.0,20061.37610018121,33,90,397460.0
2024-04-10,1505.0,1645430.0,0.001716780002556817,10,1.1,0.0,20155.603495873493,34,90,397460.0
2024-04-11,1404.0,1643640.0,-0.0010878615316360918,10,1.1,35.241155932870456,20089.13036609208,35,90,397460.0
2024-04-12,1472.0,1645360.0,0.0010464578618187836,10,1.1,0.0,20109.78848441696,36,90,397460.0
2024-04-15,1455.0,1645330.0,-1.823309184612043e-05,10,1.1,19.563938378036504,20060.20956565214,37,90,397460.0
2024-04-16,1281.0,1643470.0,-0.001130472306467345,10,1.1,31.234187649766596,20021.022672066727,38,90,397460.0
2024-04-17,1427.0,1645010.0,0.0009370417470351278,10,1.1,0.0,20123.289986718144,39,90,397460.0
2024-04-18,1439.0,1648490.0,0.002115488659643505,10,1.1,0.0,20093.84848420058,40,90,397460.0
2024-04-19,1479.0,1649890.0,0.0008492620519384708,10,1.1,0.0,20066.64401705332,41,90,397460.0
2024-04-22,1439.0,1649890.0,0.0,10,1.1,43.06693196580028,19996.568091876266,42,90,397460.0
2024-04-23,1328.0,1646200.0,-0.0022365127372128146,10,1.1,41.193233963952345,19971.551536731564,43,90,397460.0
2024-04-24,1379.0,1649090.0,0.0017555582553760996,10,1.1,0.0,20035.79068676186,44,90,397460.0
2024-04-25,1367.0,1650410.0,0.0008004414555906614,10,1.1,0.0,20038.722756328898,45,90,397460.0
2024-04-26,1482.0,1653060.0,0.0016056616234754184,10,1.1,0.0,20069.601604749096,46,90,397460.0
2024-04-29,1520.0,1653080.0,1.2098774394120326e-05,10,1.1,54.05407626610898,19991.94139530092,47,90,397460.0
2024-04-30,1583.0,1655850.0,0.0016756599801581729,10,1.1,132.14508999811218,19885.460980461496,48,90,397460.0
2024-05-06,1495.0,1653530.0,-0.0014010930941812383,10,1.1,254.28674182355113,19726.74548942979,49,90,397460.0
2024-05-07,1509.0,1652190.0,-0.0008103874740705841,10,1.1,280.0159880796794,19663.617592828778,50,90,397460.0
2024-05-08,1561.0,1650870.0,-0.0007989395892724627,10,1.1,297.06115625445227,19615.519903860695,51,90,397460.0
2024-05-09,1530.0,1650780.0,-5.451670937139941e-05,10,1.1,341.7071370686957,19543.023027532083,52,90,397460.0
2024-05-10,1528.0,1653200.0,0.0014659736609361484,10,1.1,338.8228078531804,19531.56726974514,53,90,397460.0
2024-05-13,1543.0,1653650.0,0.0002721993709169368,10,1.1,328.47990578686006,19529.795796250248,54,90,397460.0
2024-05-14,1496.0,1655320.0,0.0010098872191817154,10,1.1,329.9130821571586,19516.371829763404,55,90,397460.0
2024-05-15,1846.0,1657820.0,0.0015102819998549233,10,1.1,297.8530055135015,19538.597467405463,56,90,397460.0
2024-05-16,-5768.0,1656720.0,-0.0006635219746413679,10,1.2,546.1444291826422,19241.46031964603,57,90,397460.0
2024-05-17,-6290.0,1656930.0,0.00012675648268878348,10,1.2,0.0,24986.908161836644,58,90,397460.0
2024-05-20,1243.0,1663050.0,0.003693577881986654,10,1.1,0.0,29944.6624248651,59,90,397460.0
2024-05-21,1081.0,1660670.0,-0.001431105498932661,10,1.1,1132.613796107045,27333.561935257858,60,90,397460.0
2024-05-22,8920.0,1659980.0,-0.0004154949508331507,10,1.0,2175.050006902396,24828.56957462464,61,90,397460.0
2024-05-23,8700.0,1654860.0,-0.0030843745105362252,10,1.0,9701.606493112318,15237.411775120274,62,90,397460.0
2024-05-24,8870.0,1657360.0,0.0015107018116335968,10,1.0,15798.38662444841,6714.763335027794,63,90,397460.0
2024-05-27,8940.0,1657470.0,6.637061350578399e-05,10,1.0,20934.5933424841,0.0,64,90,397460.0
2024-05-28,9010.0,1659170.0,0.0010256595896154241,10,1.0,24183.329287641063,0.0,65,90,397460.0
2024-05-29,8990.0,1659860.0,0.00041587058589542814,10,1.0,25758.47953857918,0.0,66,90,397460.0
2024-05-30,8850.0,1655990.0,-0.002331521935584946,10,1.0,26369.400338756655,0.0,67,90,397460.0
2024-05-31,8950.0,1656530.0,0.0003260889256577748,10,1.0,26301.354075648447,26.23945117750327,68,90,397460.0
2024-06-03,8770.0,1653920.0,-0.0015755826939445328,10,1.0,26328.683138644497,0.0,69,90,397460.0
2024-06-04,8820.0,1654830.0,0.0005502079907129254,10,1.0,26170.188867838573,124.36287205122032,70,90,397460.0
2024-06-05,8650.0,1651390.0,-0.002078763377507009,10,1.0,26067.65095212008,190.3963849041519,71,90,397460.0
2024-06-06,8840.0,1654290.0,0.001756096379413652,10,1.0,25828.801136302674,377.26085480103467,72,90,397460.0
2024-06-07,8870.0,1654840.0,0.00033246891415661395,10,1.0,25807.707760763053,353.3103364042711,73,90,397460.0
2024-06-11,8620.0,1650930.0,-0.0023627661888763196,10,1.0,25837.644863609145,286.104582107501,74,90,397460.0
2024-06-12,8700.0,1651660.0,0.00044217501650578583,10,1.0,25645.368904628853,430.9714802700663,75,90,397460.0
2024-06-13,8620.0,1651060.0,-0.00036327089110355093,10,1.0,25572.99376031274,464.31062166823875,76,90,397460.0
2024-06-14,1472.0,1650160.0,-0.0005451043572007874,10,1.1,25439.76523257141,553.9392367840529,77,90,397460.0
2024-06-17,1539.0,1648090.0,-0.0012544238134484242,10,1.1,18682.027568836496,6215.630144477707,78,90,397460.0
2024-06-18,1590.0,1648980.0,0.0005400190523576764,10,1.1,12849.852318753292,10637.16918010879,79,90,397460.0
2024-06-19,1556.0,1649920.0,0.0005700493638491899,10,1.1,8043.11724120838,13910.719816849592,80,90,397460.0
2024-06-20,1477.0,1649910.0,-6.060899922388785e-06,10,1.1,4253.965637752866,16180.139641965507,81,90,397460.0
2024-06-21,1683.0,1651450.0,0.0009333842452012853,10,1.1,1469.9139585907105,17571.802248517633,82,90,397460.0
2024-06-24,1758.0,1650900.0,-0.00033304066123707177,10,1.1,56.06559140674392,17916.81102419081,83,90,397460.0
2024-06-25,1791.0,1651170.0,0.00016354715609656623,10,1.1,210.80546532069607,17719.836612390478,84,90,397460.0
2024-06-26,1876.0,1651520.0,0.00021197090547908637,10,1.1,350.4489252622029,17532.90864376056,85,90,397460.0
2024-06-27,8770.0,1649960.0,-0.0009445843828714828,10,1.0,522.1436006069372,17304.31760481958,86,90,397460.0
2024-06-28,8800.0,1651050.0,0.0006606220756866232,10,1.0,6054.685009072473,10700.00187042797,87,90,397460.0
2024-07-01,8760.0,1650380.0,-0.00040580236818998916,10,1.0,10428.04753344998,4946.221537662622,88,90,397460.0
2024-07-02,15735.0,1650830.0,0.0002726644772719222,10,0.9,13662.80519183869,214.69348176561675,89,90,397460.0
2024-07-03,15847.0,1651100.0,0.00016355409097235096,0,0.9,21560.547121383475,0.0,90,0,1651100.0
2024-07-04,15808.0,1652390.0,0.0007812973169403215,-10,0.9,0.0,0.0,0,1,210670.0
2024-07-05,15795.0,1651270.0,-0.0006778060869406799,0,0.9,3953.9727000992025,0.0,1,0,1651270.0
2024-07-08,8690.0,1651270.0,0.0,0,1.0,6210.657959696211,0.0,1,0,1651270.0
2024-07-09,15869.0,1651270.0,0.0,0,0.9,1370.8975281763712,3333.0967113373017,1,0,1651270.0
2024-07-10,15779.0,1651270.0,0.0,0,0.9,2762.0451507815906,558.8157625139486,1,0,1651270.0
2024-07-11,15831.0,1651270.0,0.0,0,0.9,3214.0923771418716,0.0,1,0,1651270.0
2024-07-12,8740.0,1651270.0,0.0,0,1.0,3703.2521974809024,0.0,1,0,1651270.0
2024-07-15,8660.0,1651270.0,0.0,0,1.0,0.0,4354.373279193356,1,0,1651270.0
2024-07-16,8720.0,1651270.0,0.0,0,1.0,0.0,7699.26758546971,1,0,1651270.0
2024-07-17,8790.0,1651270.0,0.0,0,1.0,0.0,9973.235242541874,1,0,1651270.0
2024-07-18,8570.0,1651270.0,0.0,0,1.0,0.0,12194.139146360129,1,0,1651270.0
2024-07-19,8480.0,1651270.0,0.0,0,1.0,0.0,13657.37113094973,1,0,1651270.0
2024-07-22,8520.0,1654070.0,0.0016956645491046363,10,1.0,0.0,0.0,0,1,211270.0
2024-07-23,8370.0,1654370.0,0.0001813708005102832,0,1.0,0.0,96.30752580811085,1,0,1654370.0
2024-07-24,1773.0,1654370.0,0.0,0,1.1,0.0,284.29072392885786,1,0,1654370.0
2024-07-25,1739.0,1654370.0,0.0,0,1.1,0.0,5599.6074849201605,1,0,1654370.0
2024-07-26,1792.0,1654370.0,0.0,0,1.1,0.0,9803.485082945987,1,0,1654370.0
2024-07-29,1704.0,1654370.0,0.0,0,1.1,0.0,12899.585874765944,1,0,1654370.0
2024-07-30,1689.0,1654980.0,0.0003687204192532878,10,1.1,0.0,0.0,0,1,196650.0
2024-07-31,1782.0,1654370.0,-0.0003685845146165212,0,1.1,0.0,1311.7896973455984,1,0,1654370.0
2024-08-01,1707.0,1654370.0,0.0,0,1.1,0.0,1721.753190558788,1,0,1654370.0
2024-08-02,1804.0,1653530.0,-0.0005077461511028281,10,1.1,0.0,0.0,0,10,183050.0
2024-08-05,1865.0,1654140.0,0.00036890773073361416,10,1.1,49.27838668577819,0.0,1,10,183050.0
2024-08-06,1748.0,1652970.0,-0.0007073161884725288,10,1.1,137.985128801206,0.0,2,10,183050.0
2024-08-07,1716.0,1652650.0,-0.0001935909302649419,10,1.1,116.20180633271866,0.0,3,10,183050.0
2024-08-08,1721.0,1652700.0,3.0254439838950375e-05,10,1.1,61.00728863035708,30.23405372620998,4,10,183050.0
2024-08-09,1666.0,1652150.0,-0.0003327887698917342,10,1.1,7.238418979375998,61.03661264665734,5,10,183050.0
2024-08-12,1790.0,1653390.0,0.0007505371788276705,10,1.1,0.0,128.34159100338272,6,10,183050.0
2024-08-13,1693.0,1652420.0,-0.0005866734406280161,10,1.1,18.191322397720477,83.67577054396052,7,10,183050.0
2024-08-14,1808.0,1653570.0,0.0006959489718110223,10,1.1,0.0,120.03355258115363,8,10,183050.0
2024-08-15,1726.0,1652750.0,-0.0004958967567142425,10,1.1,63.22931842137703,36.405728145388,9,10,183050.0
2024-08-16,1781.0,1654440.0,0.0010225381939192868,0,1.1,47.65917765806127,31.692730239214896,10,0,1654440.0
2024-08-19,1784.0,1654440.0,0.0,0,1.1,77.28548965552042,0.0,10,0,1654440.0
2024-08-20,1610.0,1654440.0,0.0,0,1.1,100.62849599745505,0.0,10,0,1654440.0
2024-08-21,1618.0,1654440.0,0.0,0,1.1,0.0,117.5661577883189,10,0,1654440.0
2024-08-22,1704.0,1654440.0,0.0,0,1.1,0.0,200.63152401108172,10,0,1654440.0
2024-08-23,1681.0,1654440.0,0.0,0,1.1,0.0,199.3571828150856,10,0,1654440.0
2024-08-26,1679.0,1654440.0,0.0,0,1.1,0.0,204.90679165541556,10,0,1654440.0
2024-08-27,1728.0,1654440.0,0.0,0,1.1,0.0,205.86073172978038,10,0,1654440.0
2024-08-28,1649.0,1654440.0,0.0,0,1.1,29.55823685746047,151.9903971586693,10,0,1654440.0
2024-08-29,1754.0,1654440.0,0.0,0,1.1,2.838909666291036,161.27106996749987,10,0,1654440.0
2024-08-30,1741.0,1654440.0,0.0,0,1.1,60.04370230100053,85.6187197450667,10,0,1654440.0
2024-09-02,1780.0,1654440.0,0.0,0,1.1,88.32242969365608,42.18316142343646,10,0,1654440.0
2024-09-03,1808.0,1654440.0,0.0,0,1.1,142.87362024484193,0.0,10,0,1654440.0
2024-09-04,1762.0,1654440.0,0.0,0,1.1,205.67729995150353,0.0,10,0,1654440.0
2024-09-05,1725.0,1654110.0,-0.00019946326249364876,-10,1.1,0.0,0.0,0,1,232160.0
2024-09-06,1704.0,1652810.0,-0.0007859211297918112,0,1.1,0.0,10.50706428095167,1,0,1652810.0
2024-09-09,1757.0,1652810.0,0.0,0,1.1,0.0,53.024912502933454,1,0,1652810.0
2024-09-10,1676.0,1652810.0,0.0,0,1.1,0.0,42.96595957181683,1,0,1652810.0
2024-09-11,1847.0,1652810.0,0.0,0,1.1,0.0,102.42047554971388,1,0,1652810.0
2024-09-12,1758.0,1652810.0,0.0,0,1.1,81.00728852812063,0.0,1,0,1652810.0
2024-09-13,1822.0,1652810.0,0.0,0,1.1,81.10774725336965,0.0,1,0,1652810.0
2024-09-18,1778.0,1652810.0,0.0,0,1.1,135.2330090226896,0.0,1,0,1652810.0
2024-09-19,1665.0,1652810.0,0.0,0,1.1,138.01459609059248,0.0,1,0,1652810.0
2024-09-20,1700.0,1652810.0,0.0,0,1.1,31.83196764902885,78.96022870129372,1,0,1652810.0
2024-09-23,1808.0,1652810.0,0.0,0,1.1,0.0,114.09667775756631,1,0,1652810.0
2024-09-24,1720.0,1652810.0,0.0,0,1.1,26.500800539049443,61.168906868044196,1,0,1652810.0
2024-09-25,1650.0,1652810.0,0.0,0,1.1,0.0,79.75873925751394,1,0,1652810.0
2024-09-26,1675.0,1652810.0,0.0,0,1.1,0.0,150.73222718529823,1,0,1652810.0
2024-09-27,1648.0,1652810.0,0.0,0,1.1,0.0,177.563351543719,1,0,1652810.0
2024-09-30,1555.0,1652810.0,0.0,0,1.1,0.0,213.4655511901313,1,0,1652810.0
2024-10-08,1685.0,1657560.0,0.0028738935509828867,10,1.1,0.0,0.0,0,1,85310.0
2024-10-09,1682.0,1659440.0,0.001134197253794822,0,1.1,0.0,0.0,1,0,1659440.0
2024-10-10,1828.0,1659440.0,0.0,0,1.1,12.322164156288565,0.0,1,0,1659440.0
2024-10-11,1727.0,1659440.0,0.0,0,1.1,149.4191110251736,0.0,1,0,1659440.0
2024-10-14,1615.0,1659440.0,0.0,0,1.1,174.2554223690526,0.0,1,0,1659440.0
2024-10-15,1720.0,1659440.0,0.0,0,1.1,94.79997690769979,44.8302688243614,1,0,1659440.0
2024-10-16,1777.0,1659440.0,0.0,0,1.1,110.01135281298056,0.0,1,0,1659440.0
2024-10-17,1814.0,1659440.0,0.0,0,1.1,154.04801397498292,0.0,1,0,1659440.0
2024-10-18,8580.0,1659440.0,0.0,0,1.0,215.39774497826198,0.0,1,0,1659440.0
2024-10-21,8690.0,1659440.0,0.0,0,1.0,5555.662093669653,0.0,1,0,1659440.0
2024-10-22,8650.0,1659440.0,0.0,0,1.0,9868.43422841166,0.0,1,0,1659440.0
2024-10-23,8550.0,1659440.0,0.0,0,1.0,13087.468910921363,0.0,1,0,1659440.0
2024-10-24,8590.0,1659040.0,-0.00024104517186518404,-10,1.0,0.0,0.0,0,1,220340.0
2024-10-25,8560.0,1660740.0,0.0010246889767575595,0,1.0,1260.2811775567016,0.0,1,0,1660740.0
2024-10-28,8450.0,1660740.0,0.0,0,1.0,1673.5289673823208,0.0,1,0,1660740.0
2024-10-29,8620.0,1659740.0,-0.000602141214157581,-10,1.0,0.0,0.0,0,4,213540.0
2024-10-30,8620.0,1659740.0,0.0,-10,1.0,17.248842257172356,0.0,1,4,213540.0
2024-10-31,8690.0,1659040.0,-0.0004217528046561725,-10,1.0,46.85385141369776,0.0,2,4,213540.0
2024-11-01,8650.0,1659440.0,0.00024110328864890285,-10,1.0,139.04281115089321,0.0,3,4,213540.0
2024-11-04,8650.0,1660640.0,0.0007231355155956631,0,1.0,176.50669636215835,0.0,4,0,1660640.0
2024-11-05,8630.0,1660640.0,0.0,0,1.0,204.92390335167303,0.0,4,0,1660640.0
2024-11-06,8660.0,1660640.0,0.0,0,1.0,203.81017423371608,0.0,4,0,1660640.0
2024-11-07,8690.0,1659340.0,-0.0007828307158685988,-10,1.0,0.0,0.0,0,2,225040.0
2024-11-08,8750.0,1658740.0,-0.00036158954765153073,-10,1.0,28.887301820659143,0.0,1,2,225040.0
2024-11-11,8710.0,1658840.0,6.0286723657654306e-05,0,1.0,96.61350116776558,0.0,2,0,1658840.0
2024-11-12,8680.0,1658840.0,0.0,0,1.0,121.08698645283943,0.0,2,0,1658840.0
2024-11-13,8650.0,1658840.0,0.0,0,1.0,111.6227801040258,0.0,2,0,1658840.0
2024-11-14,8540.0,1658840.0,0.0,0,1.0,72.15857375521216,23.392936508327658,2,0,1658840.0
2024-11-15,8700.0,1658840.0,0.0,0,1.0,0.0,138.82772058538828,2,0,1658840.0
2024-11-18,8620.0,1658840.0,0.0,0,1.0,12.404783201312386,99.8039323581282,2,0,1658840.0
2024-11-19,8680.0,1658840.0,0.0,0,1.0,0.0,130.28833545699487,2,0,1658840.0
2024-11-20,8590.0,1658840.0,0.0,0,1.0,13.946695031559777,92.80645905998219,2,0,1658840.0
2024-11-21,8660.0,1658840.0,0.0,0,1.0,0.0,128.47678171306535,2,0,1658840.0
2024-11-22,8690.0,1658840.0,0.0,0,1.0,14.647389560612861,91.69559984510575,2,0,1658840.0
2024-11-25,8370.0,1658840.0,0.0,0,1.0,52.815229994413635,29.863440278906516,2,0,1658840.0
2024-11-26,8490.0,1658840.0,0.0,0,1.0,0.0,252.5167302686035,2,0,1658840.0
2024-11-27,8490.0,1658840.0,0.0,0,1.0,0.0,324.82568488483594,2,0,1658840.0
2024-11-28,8520.0,1658840.0,0.0,0,1.0,0.0,377.7827532054861,2,0,1658840.0
2024-11-29,8510.0,1658840.0,0.0,0,1.0,0.0,379.92177043551703,2,0,1658840.0
2024-12-02,8590.0,1658840.0,0.0,0,1.0,0.0,380.90916902607773,2,0,1658840.0
2024-12-03,8550.0,1658840.0,0.0,0,1.0,47.45481387748773,294.0782686178517,2,0,1658840.0
2024-12-04,8490.0,1658840.0,0.0,0,1.0,80.90026076807257,233.23800122272274,2,0,1658840.0
2024-12-05,15139.0,1659740.0,0.0005425478044898124,10,0.9,0.0,0.0,0,1,253540.0
2024-12-06,15159.0,1660540.0,0.0004820032053212131,0,0.9,5169.121118567804,0.0,1,0,1660540.0
2024-12-09,15187.0,1660540.0,0.0,0,0.9,9259.764195608412,0.0,1,0,1660540.0
2024-12-10,8580.0,1660540.0,0.0,0,1.0,12363.31049916806,0.0,1,0,1660540.0
2024-12-11,8590.0,1660540.0,0.0,0,1.0,8851.726717865375,2098.4162186973153,1,0,1660540.0
2024-12-12,8590.0,1660540.0,0.0,0,1.0,5350.14293656269,4186.832437394631,1,0,1660540.0
2024-12-13,8650.0,1660540.0,0.0,0,1.0,1843.9091381082224,6282.027210368736,1,0,1660540.0
2024-12-16,8710.0,1660540.0,0.0,0,1.0,0.0,8344.374082827619,1,0,1660540.0
2024-12-17,8690.0,1660540.0,0.0,0,1.0,0.0,9490.333685824255,1,0,1660540.0
2024-12-18,8680.0,1660540.0,0.0,0,1.0,0.0,9875.941706344032,1,0,1660540.0
2024-12-19,8650.0,1660040.0,-0.00030110686884987636,10,1.0,0.0,0.0,0,45,262540.0
2024-12-20,8650.0,1660040.0,0.0,10,1.0,0.0,0.0,1,45,262540.0
2024-12-23,15201.0,1660040.0,0.0,10,0.9,0.0,2.254033307585166,2,45,262540.0
2024-12-24,15074.0,1658740.0,-0.0007831136599117938,10,0.9,5102.978048589582,0.0,3,45,262540.0
2024-12-25,15091.0,1658840.0,6.0286723657654306e-05,10,0.9,9024.200353329117,0.0,4,45,262540.0
2024-12-26,8520.0,1658740.0,-6.028308938776927e-05,10,1.0,11991.418914222875,0.0,5,45,262540.0
2024-12-27,8470.0,1658240.0,-0.0003014336182886046,10,1.0,8407.312788268533,2194.7510169028,6,45,262540.0
2024-12-30,8480.0,1658340.0,6.0304901582375336e-05,10,1.0,4797.547651493054,4403.843022984462,7,45,262540.0
2024-12-31,8460.0,1658140.0,-0.00012060253024104295,10,1.0,1217.547963227059,6574.12904900418,8,45,262540.0
